Date,Close,Open
2003-02-17,22.09,22.09
2003-02-18,23.1,23.14
2003-02-19,24.25,24.25
2003-02-21,22.8,23.02
2003-02-24,23,22.6
2003-02-25,22,22.07
2003-02-26,22,21.2
2003-02-28,20.9,20.99
2003-03-04,21.77,21.77
2003-03-05,22.05,22.22
2003-03-06,22.99,22.62
2003-03-07,23.5,23.38
2003-03-10,23.2,23.35
2003-03-11,22.1,23.01
2003-03-13,22.02,21.86
2003-03-14,21.02,21.48
2003-03-17,20.5,21
2003-03-18,20.35,20.47
2003-03-19,19.34,19.58
2003-03-20,19,18.63
2003-03-21,19,18.94
2003-03-24,19,19
2003-03-25,19,19
2003-03-26,19,18.9
2003-03-27,18.9,18.51
2003-03-31,17.9,17.98
2003-04-01,18.76,18.22
2003-04-02,18,18.03
2003-04-03,17.5,17.5
2003-04-04,17.3,17.28
2003-04-07,17,17.12
2003-04-08,17,16.31
2003-04-09,16.5,16.43
2003-04-10,15.7,16.5
2003-04-11,15.7,15.7
2003-04-14,15.7,15.7
2003-04-15,16,16.02
2003-04-16,16.5,16.04
2003-04-17,16.5,16.96
2003-04-22,17,16.83
2003-04-23,17.8,17.25
2003-04-24,17.8,17.76
2003-04-25,17.79,17.52
2003-04-28,17.79,17.58
2003-04-29,16.98,17.28
2003-04-30,16.9,16.92
2003-05-02,16.9,16.81
2003-05-05,17.3,17.24
2003-05-06,17.6,17.46
2003-05-07,17.6,17.6
2003-05-08,17.5,16.97
2003-05-09,17.5,16.91
2003-05-12,16.63,17.06
2003-05-14,16.8,17.01
2003-05-15,17.5,16.86
2003-05-16,16.63,16.67
2003-05-19,16,16.11
2003-05-20,15.2,15.38
2003-05-21,14.44,15.04
2003-05-22,14.43,14.11
2003-05-23,15.15,14.52
2003-05-26,15.5,15.22
2003-05-27,16.27,15.77
2003-05-28,16,15.75
2003-05-30,16,15.71
2003-06-02,16,15.95
2003-06-03,15.94,15.99
2003-06-04,15.94,15.93
2003-06-05,15.75,15.79
2003-06-06,15,15.11
2003-06-09,14.25,14.29
2003-06-10,14.96,14.83
2003-06-11,15.7,15.64
2003-06-12,15.7,16.01
2003-06-13,15.8,15.87
2003-06-16,16.8,16.61
2003-06-17,16.2,17.47
2003-06-18,15.6,15.63
2003-06-19,16,15.86
2003-06-20,16.8,16.49
2003-06-23,17,16.86
2003-06-24,17.85,17.7
2003-06-25,18.3,18.29
2003-06-26,18.3,18.71
2003-06-27,18,18.3
2003-06-30,18,18
2003-07-01,17.9,17.1
2003-07-02,17.1,17.08
2003-07-04,17,17
2003-07-07,17,17
2003-07-08,17.84,17.2
2003-07-09,17.79,17.39
2003-07-10,16.91,16.98
2003-07-11,16.2,16.45
2003-07-14,15.41,15.5
2003-07-15,15.41,15.39
2003-07-16,15.46,15.79
2003-07-17,15,14.76
2003-07-18,15.11,15.29
2003-07-21,14.43,14.65
2003-07-23,14.2,14.3
2003-07-24,14.4,14.32
2003-07-25,14.4,14.42
2003-07-28,15,14.61
2003-07-29,15.2,15.06
2003-07-30,14.51,14.98
2003-07-31,14.1,14.49
2003-08-01,14.8,14.64
2003-08-04,15,15.02
2003-08-05,15.3,15.11
2003-08-06,15.1,15.26
2003-08-07,15.5,15.19
2003-08-08,16.27,15.51
2003-08-11,17.08,16.6
2003-08-12,17.93,17.92
2003-08-13,18.82,18.82
2003-08-14,19.15,19.49
2003-08-15,19.99,19.87
2003-08-18,20.98,20.9
2003-08-19,22.02,22.02
2003-08-20,23.12,23.12
2003-08-21,24.27,24.27
2003-08-22,25.48,25.48
2003-08-25,26.75,26.75
2003-08-26,28.08,28.08
2003-08-27,29.48,29.48
2003-08-28,30.95,30.95
2003-08-29,32.49,32.49
2003-09-01,34.11,34.11
2003-09-02,35.81,35.81
2003-09-03,37.6,37.6
2003-09-04,39.48,39.48
2003-09-05,41.45,41.45
2003-09-08,43.52,43.52
2003-09-09,45.69,45.69
2003-09-10,47.97,47.97
2003-09-11,50.36,50.36
2003-09-12,52.87,52.87
2003-09-15,55.51,55.51
2003-09-16,52.74,56.61
2003-09-17,50.11,50.11
2003-09-18,47.61,47.61
2003-09-19,45.23,45.23
2003-09-22,42.97,42.97
2003-09-23,40.83,40.83
2003-09-24,42.87,41.26
2003-09-25,42.87,42.87
2003-09-26,42.87,42.87
2003-09-29,42.87,42.87
2003-09-30,42.87,42.87
2003-10-02,42.87,42.87
2003-10-03,42.87,42.87
2003-10-06,42.87,42.87
2003-10-07,42.87,42.87
2003-10-08,42.87,42.87
2003-10-09,42.87,42.87
2003-10-10,42.87,42.87
2003-10-13,42.87,42.87
2003-10-14,42.87,42.87
2003-10-15,42.87,42.87
2003-10-16,42.87,42.87
2003-10-17,42.87,42.87
2003-10-20,42.87,42.87
2003-10-22,42.87,42.87
2003-10-23,42.87,42.87
2003-10-24,42.87,42.87
2003-10-27,42.87,42.87
2003-10-28,42.87,42.87
2003-10-29,42.87,42.87
2003-10-30,42.87,42.87
2003-10-31,42.87,42.87
2003-11-03,42.87,42.87
2003-11-04,42.87,42.87
2003-11-05,42.87,42.87
2003-11-06,42.87,42.87
2003-11-07,42.87,42.87
2003-11-10,42.87,42.87
2003-11-11,42.87,42.87
2003-11-12,42.87,42.87
2003-11-13,42.87,42.87
2003-11-14,42.87,42.87
2003-11-17,42.87,42.87
2003-11-18,42.87,42.87
2003-11-19,42.87,42.87
2003-11-20,42.87,42.87
2003-11-21,42.87,42.87
2003-11-26,42.87,42.87
2003-11-27,42.87,42.87
2003-11-28,42.87,42.87
2003-12-01,42.87,42.87
2003-12-02,42.87,42.87
2003-12-03,42.87,42.87
2003-12-04,42.87,42.87
2003-12-05,42.87,42.87
2003-12-08,42.87,42.87
2003-12-09,42.87,42.87
2003-12-10,42.87,42.87
2003-12-11,42.87,42.87
2003-12-12,42.87,42.87
2003-12-15,42.87,42.87
2003-12-16,42.87,42.87
2003-12-17,42.87,42.87
2003-12-18,42.87,42.87
2003-12-19,42.87,42.87
2003-12-22,42.87,42.87
2003-12-23,42.87,42.87
2003-12-24,42.87,42.87
2003-12-29,42.87,42.87
2003-12-30,42.87,42.87
2003-12-31,42.87,42.87
2004-01-02,42.87,42.87
2004-01-05,42.87,42.87
2004-01-06,42.87,42.87
2004-01-07,42.87,42.87
2004-01-08,42.87,42.87
2004-01-09,42.87,42.87
2004-01-13,42.87,42.87
2004-01-14,42.87,42.87
2004-01-15,42.87,42.87
2004-01-16,42.87,42.87
2004-01-19,42.87,42.87
2004-01-20,42.87,42.87
2004-01-21,42.87,42.87
2004-01-22,42.87,42.87
2004-01-23,42.87,42.87
2004-01-26,42.87,42.87
2004-01-27,42.87,42.87
2004-01-28,42.87,42.87
2004-01-29,42.87,42.87
2004-01-30,42.87,42.87
2004-02-06,42.87,42.87
2004-02-09,42.87,42.87
2004-02-10,42.87,42.87
2004-02-11,42.87,42.87
2004-02-12,42.87,42.87
2004-02-13,42.87,42.87
2004-02-16,42.87,42.87
2004-02-17,42.87,42.87
2004-02-18,42.87,42.87
2004-02-19,42.87,42.87
2004-02-20,42.87,42.87
2004-02-23,42.87,42.87
2004-02-24,42.87,42.87
2004-02-25,42.87,42.87
2004-02-26,42.87,42.87
2004-02-27,42.87,42.87
2004-03-01,42.87,42.87
2004-03-02,42.87,42.87
2004-03-03,42.87,42.87
2004-03-04,42.87,42.87
2004-03-05,42.87,42.87
2004-03-08,42.87,42.87
2004-03-09,42.87,42.87
2004-03-10,42.87,42.87
2004-03-11,42.87,42.87
2004-03-12,42.87,42.87
2004-03-15,42.87,42.87
2004-03-16,42.87,42.87
2004-03-17,42.87,42.87
2004-03-18,42.87,42.87
2004-03-19,42.87,42.87
2004-03-22,42.87,42.87
2004-03-23,42.87,42.87
2004-03-24,42.87,42.87
2004-03-25,42.87,42.87
2004-03-26,42.87,42.87
2004-03-29,42.87,42.87
2004-03-30,42.87,42.87
2004-03-31,42.87,42.87
2004-04-01,42.87,42.87
2004-04-02,42.87,42.87
2004-04-05,42.87,42.87
2004-04-06,42.87,42.87
2004-04-07,42.87,42.87
2004-04-08,42.87,42.87
2004-04-13,42.87,42.87
2004-04-14,42.87,42.87
2004-04-15,42.87,42.87
2004-04-16,42.87,42.87
2004-04-19,42.87,42.87
2004-04-20,42.87,42.87
2004-04-21,42.87,42.87
2004-04-22,42.87,42.87
2004-04-23,42.87,42.87
2004-04-26,42.87,42.87
2004-04-27,42.87,42.87
2004-04-28,42.87,42.87
2004-04-29,42.87,42.87
2004-04-30,42.87,42.87
2004-05-03,42.87,42.87
2004-05-04,42.87,42.87
2004-05-05,42.87,42.87
2004-05-06,42.87,42.87
2004-05-07,42.87,42.87
2004-05-10,42.87,42.87
2004-05-11,42.87,42.87
2004-05-12,42.87,42.87
2004-05-13,42.87,42.87
2004-05-14,42.87,42.87
2004-05-17,42.87,42.87
2004-05-18,42.87,42.87
2004-05-19,42.87,42.87
2004-05-20,42.87,42.87
2004-05-21,42.87,42.87
2004-05-24,42.87,42.87
2004-05-25,42.87,42.87
2004-05-26,42.87,42.87
2004-05-27,42.87,42.87
2004-05-28,42.87,42.87
2004-05-31,42.87,42.87
2004-06-01,42.87,42.87
2004-06-02,42.87,42.87
2004-06-03,42.87,42.87
2004-06-04,42.87,42.87
2004-06-07,42.87,42.87
2004-06-08,42.87,42.87
2004-06-09,42.87,42.87
2004-06-10,42.87,42.87
2004-06-11,42.87,42.87
2004-06-14,42.87,42.87
2004-06-15,42.87,42.87
2004-06-16,42.87,42.87
2004-06-17,42.87,42.87
2004-06-18,42.87,42.87
2004-06-21,42.87,42.87
2004-06-22,42.87,42.87
2004-06-23,42.87,42.87
2004-06-24,42.87,42.87
2004-06-25,42.87,42.87
2004-06-28,42.87,42.87
2004-06-29,42.87,42.87
2004-06-30,42.87,42.87
2004-07-01,42.87,42.87
2004-07-02,42.87,42.87
2004-07-05,42.87,42.87
2004-07-06,42.87,42.87
2004-07-07,42.87,42.87
2004-07-08,42.87,42.87
2004-07-09,42.87,42.87
2004-07-12,42.87,42.87
2004-07-13,42.87,42.87
2004-07-14,42.87,42.87
2004-07-15,42.87,42.87
2004-07-16,42.87,42.87
2004-07-19,42.87,42.87
2004-07-20,42.87,42.87
2004-07-21,42.87,42.87
2004-07-22,42.87,42.87
2004-07-23,42.87,42.87
2004-07-26,42.87,42.87
2004-07-27,42.87,42.87
2004-07-28,42.87,42.87
2004-07-29,42.87,42.87
2004-07-30,42.87,42.87
2004-08-02,42.87,42.87
2004-08-03,42.87,42.87
2004-08-04,42.87,42.87
2004-08-05,42.87,42.87
2004-08-06,42.87,42.87
2004-08-09,42.87,42.87
2004-08-10,42.87,42.87
2004-08-11,42.87,42.87
2004-08-12,42.87,42.87
2004-08-13,42.87,42.87
2004-08-16,42.87,42.87
2004-08-17,42.87,42.87
2004-08-18,42.87,42.87
2004-08-19,42.87,42.87
2004-08-20,42.87,42.87
2004-08-23,42.87,42.87
2004-08-24,42.87,42.87
2004-08-25,42.87,42.87
2004-08-26,42.87,42.87
2004-08-27,42.87,42.87
2004-08-30,42.87,42.87
2004-08-31,42.87,42.87
2004-09-01,42.87,42.87
2004-09-02,42.87,42.87
2004-09-03,42.87,42.87
2004-09-06,42.87,42.87
2004-09-07,42.87,42.87
2004-09-08,42.87,42.87
2004-09-09,42.87,42.87
2004-09-10,42.87,42.87
2004-09-13,42.87,42.87
2004-09-14,42.87,42.87
2004-09-15,42.87,42.87
2004-09-16,42.87,42.87
2004-09-17,42.87,42.87
2004-09-20,42.87,42.87
2004-09-21,42.87,42.87
2004-09-22,42.87,42.87
2004-09-23,45.01,45.01
2004-09-24,47.26,47.23
2004-09-27,49.62,49.62
2004-09-28,52.1,52.1
2004-09-29,54.7,54.7
2004-09-30,57.43,57.43
2004-10-04,60.3,60.3
2004-10-05,63.31,63.31
2004-10-06,66.47,66.47
2004-10-07,69.79,69.79
2004-10-08,73.27,73.27
2004-10-11,76.93,76.93
2004-10-12,80.77,80.65
2004-10-13,84.5,83.85
2004-10-14,83.99,83.72
2004-10-15,79.8,80.44
2004-10-18,75.81,75.81
2004-10-19,72.02,72.02
2004-10-20,68.42,68.42
2004-10-21,71.84,68.42
2004-10-22,75.43,75.43
2004-10-25,74.49,74.74
2004-10-26,72.55,73.88
2004-10-27,70.5,70.58
2004-10-28,66.98,67.28
2004-10-29,69.99,67.99
2004-11-01,70.3,69.76
2004-11-02,72.5,71.31
2004-11-03,75,72.94
2004-11-04,74.99,74.73
2004-11-05,74.48,72.62
2004-11-08,73,74.05
2004-11-09,77.8,73.99
2004-11-10,73.91,73.91
2004-11-11,70.54,70.49
2004-11-15,70,69.93
2004-11-16,70,70.29
2004-11-17,70.45,70.21
2004-11-18,70,69.63
2004-11-19,70.02,71.35
2004-11-22,70,70.01
2004-11-23,69.99,69.99
2004-11-24,69,69.83
2004-11-25,69,68.36
2004-11-26,68,68.6
2004-11-29,66.95,67.67
2004-11-30,66,65.7
2004-12-01,67,66.13
2004-12-02,68,67.8
2004-12-03,66.97,67.12
2004-12-06,66.97,66.84
2004-12-07,64,65.03
2004-12-08,63.09,63.87
2004-12-09,61.8,62.02
2004-12-10,62.4,62.52
2004-12-13,61,61.12
2004-12-14,64.05,62.52
2004-12-15,64.95,64.93
2004-12-16,66.9,66.4
2004-12-17,69.49,67.77
2004-12-20,70,69.8
2004-12-21,70,70.14
2004-12-22,66.5,69.43
2004-12-23,66.99,67.24
2004-12-24,65,66.3
2004-12-27,65,64.81
2004-12-28,65.6,65.48
2004-12-29,68.88,68.09
2004-12-30,69.88,69.05
2004-12-31,69,69.12
2005-01-04,68,68.1
2005-01-05,68.05,68.19
2005-01-06,67.5,67.6
2005-01-07,66.05,66.46
2005-01-10,68,66.95
2005-01-11,68,67.94
2005-01-12,67.86,68
2005-01-13,67.98,68.18
2005-01-14,66.15,67.64
2005-01-17,66,66.63
2005-01-18,66.9,66.37
2005-01-19,68,67.43
2005-01-24,67,67.24
2005-01-25,66.45,66.42
2005-01-26,66.9,66.46
2005-01-27,68,66.91
2005-01-28,67.1,67.18
2005-01-31,67.25,67.29
2005-02-01,67,66.87
2005-02-02,66.4,66.75
2005-02-03,64.6,65.84
2005-02-04,64.99,64.76
2005-02-07,65.2,65.16
2005-02-08,65,65.11
2005-02-09,63.95,64.28
2005-02-10,62,63.23
2005-02-11,62.8,62.41
2005-02-14,65,63.59
2005-02-15,62.15,62.22
2005-02-16,61.75,62
2005-02-17,62.2,62.79
2005-02-18,62.5,62.24
2005-02-21,64.2,64.9
2005-02-22,63.4,63.65
2005-02-23,62,63
2005-02-24,64.5,62.66
2005-02-25,61.41,62.2
2005-02-28,62,62.17
2005-03-01,61.45,61.61
2005-03-02,58.38,60.15
2005-03-03,55.47,55.73
2005-03-04,53,52.75
2005-03-07,53.01,52.92
2005-03-08,50.5,51.78
2005-03-09,50.3,50.14
2005-03-10,52.81,51.53
2005-03-11,55.45,54.83
2005-03-14,55.95,55.27
2005-03-15,55.47,55.59
2005-03-16,53,54
2005-03-17,55,52.59
2005-03-18,52.25,54.95
2005-03-21,49.64,50.08
2005-03-22,49.77,49.96
2005-03-23,52.24,50.33
2005-03-24,50.9,51.85
2005-03-29,50,49.45
2005-03-30,49,49.78
2005-03-31,51.45,50.53
2005-04-01,53.01,53.58
2005-04-04,54.3,53.48
2005-04-05,56,55.78
2005-04-06,53.2,54.37
2005-04-07,51.01,52.11
2005-04-08,52.35,52.33
2005-04-11,54.2,53.89
2005-04-12,53,54.38
2005-04-13,50.5,52.6
2005-04-14,53.02,51.04
2005-04-15,54.5,53.99
2005-04-18,54,54.64
2005-04-19,52.95,52.83
2005-04-20,54,53.01
2005-04-22,52.7,52.99
2005-04-25,55,53.69
2005-04-26,57.7,55.94
2005-04-27,60,58.47
2005-04-28,57,59.55
2005-04-29,54.15,54.28
2005-05-03,52.53,53.64
2005-05-04,55.14,53.39
2005-05-05,54,55.03
2005-05-06,52,52.29
2005-05-09,50.5,51.15
2005-05-10,52.98,52.08
2005-05-11,52,52.48
2005-05-12,52,52.1
2005-05-13,52.25,52.05
2005-05-16,52.25,52.04
2005-05-17,51,51.41
2005-05-18,50,50.33
2005-05-19,49,49.92
2005-05-20,49.31,49.42
2005-05-24,50,49.79
2005-05-25,47.58,49.04
2005-05-26,48.57,48.5
2005-05-27,48.96,48.79
2005-05-31,48.96,49.24
2005-06-01,46.6,47.57
2005-06-02,47,47.24
2005-06-03,47,47.34
2005-06-06,47,47
2005-06-07,45.2,46.51
2005-06-08,47.3,46.3
2005-06-09,49.66,48.93
2005-06-10,50,51.7
2005-06-13,52,51.35
2005-06-14,54.5,54.14
2005-06-15,52.5,54.99
2005-06-16,50,50.68
2005-06-17,50.99,50.66
2005-06-20,50.3,50.39
2005-06-21,50.56,50.95
2005-06-22,50.5,50.17
2005-06-23,50.1,50.6
2005-06-24,51,50.37
2005-06-27,53.5,51.82
2005-06-28,52.13,53.8
2005-06-29,53.5,53.53
2005-06-30,54.5,53.3
2005-07-01,54.45,53.31
2005-07-04,54.5,54.18
2005-07-05,51.78,51.86
2005-07-06,49.2,49.2
2005-07-07,46.74,46.74
2005-07-08,44.41,44.41
2005-07-11,42.99,42.52
2005-07-12,42.99,42.99
2005-07-13,42.99,42.99
2005-07-14,42.99,42.99
2005-07-15,42.99,42.99
2005-07-18,42.99,42.99
2005-07-19,42.99,42.99
2005-07-20,42.99,42.99
2005-07-21,42.99,42.99
2005-07-22,42.99,42.99
2005-07-25,42.99,42.99
2005-07-26,42.99,42.99
2005-07-27,42.99,42.99
2005-07-28,42.99,42.99
2005-07-29,42.99,42.99
2005-08-01,42.99,42.99
2005-08-02,42.99,42.99
2005-08-03,42.99,42.99
2005-08-04,42.99,42.99
2005-08-05,42.99,42.99
2005-08-09,42.99,42.99
2005-08-10,42.99,42.99
2005-08-11,42.99,42.99
2005-08-12,42.99,42.99
2005-08-15,42.99,42.99
2005-08-17,42.99,42.99
2005-08-18,42.99,42.99
2005-08-19,42.99,42.99
2005-08-22,42.99,42.99
2005-08-23,42.99,42.99
2005-08-24,42.99,42.99
2005-08-25,42.99,42.99
2005-08-26,42.99,42.99
2005-08-29,42.99,42.99
2005-08-30,42.99,42.99
2005-08-31,42.99,42.99
2005-09-01,42.99,42.99
2005-09-02,42.99,42.99
2005-09-05,42.99,42.99
2005-09-06,42.99,42.99
2005-09-07,42.99,42.99
2005-09-08,42.99,42.99
2005-09-09,42.99,42.99
2005-09-12,42.99,42.99
2005-09-13,42.99,42.99
2005-09-14,42.99,42.99
2005-09-15,42.99,42.99
2005-09-16,42.99,42.99
2005-09-19,35.82,35.82
2005-09-20,35.82,35.82
2005-09-21,35.82,35.82
2005-09-22,35.82,35.82
2005-09-23,35.82,35.82
2005-09-26,35.82,35.82
2005-09-27,35.82,35.82
2005-09-28,35.82,35.82
2005-09-29,35.82,35.82
2005-09-30,35.82,35.82
2005-10-04,35.82,35.82
2005-10-05,35.82,35.82
2005-10-06,35.82,35.82
2005-10-07,35.82,35.82
2005-10-10,35.82,35.82
2005-10-11,35.82,35.82
2005-10-12,35.82,35.82
2005-10-13,35.82,35.82
2005-10-14,35.82,35.82
2005-10-17,35.82,35.82
2005-10-18,35.82,35.82
2005-10-19,35.82,35.82
2005-10-20,35.82,35.82
2005-10-21,35.82,35.82
2005-10-24,35.82,35.82
2005-10-25,35.82,35.82
2005-10-26,35.82,35.82
2005-10-27,35.82,35.82
2005-10-28,35.82,35.82
2005-10-31,35.82,35.82
2005-11-01,35.82,35.82
2005-11-04,35.82,35.82
2005-11-07,35.82,35.82
2005-11-08,35.82,35.82
2005-11-09,35.82,35.82
2005-11-10,35.82,35.82
2005-11-11,35.82,35.82
2005-11-14,35.82,35.82
2005-11-15,35.82,35.82
2005-11-16,35.82,35.82
2005-11-17,35.82,35.82
2005-11-18,35.82,35.82
2005-11-21,35.82,35.82
2005-11-22,35.82,35.82
2005-11-23,35.82,35.82
2005-11-24,35.82,35.82
2005-11-25,35.82,35.82
2005-11-28,35.82,35.82
2005-11-29,35.82,35.82
2005-11-30,35.82,35.82
2005-12-01,35.82,35.82
2005-12-02,35.82,35.82
2005-12-05,35.82,35.82
2005-12-06,35.82,35.82
2005-12-07,35.82,35.82
2005-12-08,35.82,35.82
2005-12-09,35.82,35.82
2005-12-12,35.82,35.82
2005-12-13,35.82,35.82
2005-12-14,35.82,35.82
2005-12-15,35.82,35.82
2005-12-16,35.82,35.82
2005-12-19,35.82,35.82
2005-12-20,35.82,35.82
2005-12-21,35.82,35.82
2005-12-22,35.82,35.82
2005-12-23,35.82,35.82
2005-12-28,35.82,35.82
2005-12-29,35.82,35.82
2005-12-30,35.82,35.82
2006-01-03,35.82,35.82
2006-01-04,35.82,35.82
2006-01-05,35.82,35.82
2006-01-06,45,37.11
2006-01-09,45,45
2006-01-12,47.25,47.25
2006-01-13,49.61,49.6
2006-01-16,50,49.9
2006-01-17,49.7,49.94
2006-01-18,47.22,48.71
2006-01-19,44.86,45.15
2006-01-20,42.95,43.83
2006-01-23,43,43.6
2006-01-24,42.95,43.1
2006-01-25,43.61,44.24
2006-01-26,45,44.33
2006-01-27,45,45.11
2006-01-30,44,44.55
2006-01-31,44,43.05
2006-02-01,44,43.07
2006-02-02,44,44.01
2006-02-03,43.9,43.69
2006-02-06,43.5,43.06
2006-02-07,42.63,42.63
2006-02-08,42.1,41.43
2006-02-09,42.4,41.29
2006-02-10,41.15,40.85
2006-02-13,40.05,40.54
2006-02-14,40.06,40.05
2006-02-15,40.01,40.19
2006-02-16,40.02,40.03
2006-02-17,40.2,40.17
2006-02-20,40.21,40.2
2006-02-21,40.15,40.13
2006-02-22,38.15,39.24
2006-02-23,38.99,38.58
2006-02-24,39.55,39
2006-02-27,39,38.94
2006-02-28,38.14,37.35
2006-03-01,38,37.32
2006-03-02,38,37.56
2006-03-03,38.9,37.46
2006-03-06,40,38.5
2006-03-07,38.05,38.95
2006-03-08,39.7,37.81
2006-03-09,39,38.7
2006-03-10,39,38.89
2006-03-13,39,38.59
2006-03-14,38.98,38.91
2006-03-15,38,38.52
2006-03-16,36.8,37.08
2006-03-17,38.64,37.36
2006-03-20,38.5,38.59
2006-03-27,38.99,38.76
2006-03-28,37.99,37.95
2006-03-29,37.7,37.59
2006-03-30,37.38,37.48
2006-03-31,38.8,37.82
2006-04-03,37.25,38.4
2006-04-04,37.8,37.07
2006-04-05,37.49,37.23
2006-04-06,37.16,37.35
2006-04-07,36.99,36.91
2006-04-11,36.5,36.32
2006-04-12,36,35.8
2006-04-13,35,34.42
2006-04-18,34.9,34.83
2006-04-19,33.16,34.39
2006-04-20,34.81,34.56
2006-04-21,35.5,35.51
2006-04-24,37.27,35.7
2006-04-25,39.11,38.8
2006-04-26,39,39.49
2006-05-02,38,37.76
2006-05-03,37.9,37.9
2006-05-04,38.5,38.89
2006-05-05,39.11,39.62
2006-05-08,39.7,39.36
2006-05-09,39.96,39.91
2006-05-10,41,40.5
2006-05-11,42.5,41.93
2006-05-12,44,44.46
2006-05-15,41.8,41.97
2006-05-16,41.61,41.76
2006-05-17,42.78,42.02
2006-05-18,42.51,42.45
2006-05-19,42.01,42.18
2006-05-22,41.5,41.33
2006-05-23,41.97,41.52
2006-05-24,41.01,41.17
2006-05-25,41.51,41.37
2006-05-26,42,41.87
2006-05-30,40.89,41.25
2006-05-31,41.97,40.86
2006-06-01,42,42.28
2006-06-02,42.15,42.18
2006-06-05,42.14,42.13
2006-06-06,42.14,42.24
2006-06-07,42.31,42.16
2006-06-08,41.4,41.48
2006-06-09,41.99,41.22
2006-06-12,42,41.97
2006-06-13,42.2,42.07
2006-06-14,42.4,42.27
2006-06-15,42.05,42.33
2006-06-16,42.28,42.03
2006-06-19,42.99,42.43
2006-06-20,42.22,42.52
2006-06-21,42,42.17
2006-06-22,42.04,42.08
2006-06-23,42.05,42.09
2006-06-26,42.2,41.99
2006-06-27,42,41.83
2006-06-28,41.8,41.96
2006-06-29,42.02,42.04
2006-06-30,42.07,42.04
2006-07-03,42.05,42.11
2006-07-04,42.5,42.11
2006-07-05,42.21,42.17
2006-07-06,42.09,42.13
2006-07-07,42.09,42.06
2006-07-10,42.03,42.08
2006-07-11,42.1,42.01
2006-07-12,42.1,42.06
2006-07-13,42.12,42.08
2006-07-14,42.1,42.05
2006-07-17,42.25,42.2
2006-07-18,42.25,42.57
2006-07-19,42.1,42.04
2006-07-20,42.3,42.27
2006-07-21,44,42.47
2006-07-25,42,41.71
2006-07-26,42.48,42.11
2006-07-27,42.05,42.04
2006-07-28,42.5,42.06
2006-07-31,42.2,42.03
2006-08-01,42.02,42.05
2006-08-02,42.03,42.06
2006-08-03,42.05,42.05
2006-08-04,41.95,42.01
2006-08-07,42.3,41.9
2006-08-08,42,42.13
2006-08-09,40,42.01
2006-08-10,39.99,40.23
2006-08-11,41.98,40.46
2006-08-14,42.98,42.28
2006-08-15,44.21,43.62
2006-08-16,46.42,46.01
2006-08-17,48.74,48.74
2006-08-18,51.17,51.17
2006-08-21,48.62,50.86
2006-08-22,46.19,46.7
2006-08-23,43.89,43.89
2006-08-24,41.7,41.7
2006-08-25,41,39.63
2006-08-28,42.5,41.66
2006-08-29,44,44.41
2006-08-30,46,46.03
2006-08-31,43.7,43.85
2006-09-01,41.53,42.37
2006-09-04,42.98,41.35
2006-09-05,42,41.81
2006-09-06,40,40.46
2006-09-07,40,41.01
2006-09-08,40,40.47
2006-09-11,41,40.77
2006-09-12,40.99,40.77
2006-09-13,40.03,40.54
2006-09-14,39.35,38.63
2006-09-15,39.69,39.39
2006-09-18,39,39.46
2006-09-19,39.5,39.76
2006-09-20,38.99,38.5
2006-09-21,39.98,39.42
2006-09-22,40.4,39.81
2006-09-25,39.99,38.81
2006-09-26,38,38.05
2006-09-27,36.71,37.37
2006-09-28,38,37.53
2006-09-29,37.5,37.19
2006-10-03,37,36.89
2006-10-04,38.8,36.93
2006-10-05,40.74,40.22
2006-10-06,41.4,40.67
2006-10-09,42.9,42.36
2006-10-10,43,43.63
2006-10-11,41.5,42.26
2006-10-12,40,40.67
2006-10-13,40,40.11
2006-10-16,40,39.65
2006-10-17,40.3,39.93
2006-10-18,40.1,39.56
2006-10-19,40.15,40.1
2006-10-20,41.48,40.08
2006-10-25,39.45,39.54
2006-10-26,39,38.58
2006-10-27,40,38.54
2006-10-30,38,38.48
2006-10-31,38.5,38.19
2006-11-01,39,38.66
2006-11-02,37.5,37.59
2006-11-03,37.51,37.83
2006-11-06,37,37.11
2006-11-07,37.01,36.19
2006-11-08,36.99,37.11
2006-11-09,36,35.99
2006-11-10,36.51,36.35
2006-11-13,35,35.12
2006-11-14,35,35.37
2006-11-15,36.75,35.83
2006-11-16,38.58,38.31
2006-11-17,40,39.98
2006-11-20,38,38.35
2006-11-21,36.1,36.77
2006-11-22,35,34.99
2006-11-23,36.75,35.86
2006-11-24,38,36.95
2006-11-27,38,37.49
2006-11-28,38,37.97
2006-11-29,38.98,38.38
2006-11-30,38,38.53
2006-12-01,39.8,39.48
2006-12-04,39.79,39.56
2006-12-05,40,39.71
2006-12-06,38.5,38.03
2006-12-07,40,38.41
2006-12-08,39.7,39.3
2006-12-11,39.71,39.5
2006-12-12,40.49,39.45
2006-12-13,39.8,39.53
2006-12-14,41.79,41.79
2006-12-15,42.5,43.16
2006-12-18,44,43.67
2006-12-19,46.2,45.45
2006-12-20,48.5,47.94
2006-12-21,50,49.78
2006-12-22,49.72,49.53
2006-12-27,47.24,47.72
2006-12-28,46.29,46.04
2006-12-29,46.29,45.58
2007-01-04,48,47.65
2007-01-05,48,47.95
2007-01-08,47.5,47.25
2007-01-09,47.5,47.48
2007-01-10,47.4,47.47
2007-01-11,48,47.88
2007-01-12,48,47.92
2007-01-15,49,49.23
2007-01-16,48.5,48.68
2007-01-17,48.5,48.22
2007-01-18,49.12,49.61
2007-01-19,49.3,49.97
2007-01-22,49.37,49.66
2007-01-23,51.83,51.56
2007-01-24,54.42,54.22
2007-01-25,57.14,57.07
2007-01-26,58,58.53
2007-01-30,57.7,59.34
2007-01-31,57.91,57.96
2007-02-01,59.2,58.9
2007-02-02,62.16,61.54
2007-02-05,65.26,65.26
2007-02-06,68.52,66.94
2007-02-07,68.5,70.66
2007-02-08,68.55,68.62
2007-02-09,65.13,65.13
2007-02-12,65,63.41
2007-02-13,65,64.32
2007-02-14,65.5,65.79
2007-02-15,68.76,68.19
2007-02-16,66.5,66.46
2007-02-19,67.1,66.95
2007-02-20,67.22,67.52
2007-02-21,68,67.39
2007-02-22,67,66.87
2007-02-23,66.15,66.61
2007-02-26,64.01,64.86
2007-02-27,64,63.15
2007-02-28,64,63.5178
2007-03-01,63,61.89
2007-03-02,60,60.1
2007-03-05,60,60.59
2007-03-06,60.91,61.03
2007-03-07,63.95,62.84
2007-03-08,66.96,66.97
2007-03-09,65,66.4
2007-03-12,65.5,65.61
2007-03-13,63.5,64.57
2007-03-14,60.56,61.78
2007-03-15,62,61.52
2007-03-16,62,60.22
2007-03-19,63.5,63.62
2007-03-20,65.01,63.78
2007-03-21,62,62.96
2007-03-22,63,64.3
2007-03-23,66.15,65.8
2007-03-26,68.5,68.94
2007-03-27,67,66.83
2007-03-28,66.5,66.91
2007-03-29,63.18,63.76
2007-03-30,65,63.44
2007-04-03,64,64.37
2007-04-04,63.01,63.01
2007-04-05,63,62.75
2007-04-10,61.78,62.23
2007-04-11,63,62.56
2007-04-16,66.15,65.42
2007-04-17,66.86,66.74
2007-04-18,66,66.3
2007-04-19,65.49,64.1
2007-04-23,68,67.75
2007-04-24,68,68.78
2007-04-25,65.55,66.09
2007-04-26,68.82,66.45
2007-04-27,68,67.43
2007-04-30,67,67.52
2007-05-02,65.85,66.61
2007-05-03,65.85,65.85
2007-05-04,65.85,65.85
2007-05-07,65.85,65.85
2007-05-08,65.85,65.85
2007-05-09,65.85,65.85
2007-05-10,65.85,65.85
2007-05-11,65.85,65.85
2007-05-14,65.85,65.85
2007-05-15,65.85,65.85
2007-05-16,65.85,65.85
2007-05-17,65.85,65.85
2007-05-18,65.85,65.85
2007-05-21,65.85,65.85
2007-05-23,65.85,65.85
2007-05-24,65.85,65.85
2007-05-25,65.85,65.85
2007-05-28,69.14,69.14
2007-05-30,72.59,72.59
2007-05-31,76.21,75.57
2007-06-01,79,78.26
2007-06-04,76,78.71
2007-06-05,74.01,75.26
2007-06-06,76.01,76.1
2007-06-07,77,76.41
2007-06-08,77,77.05
2007-06-11,77.85,76.95
2007-06-12,73.96,74.05
2007-06-13,73.98,72.14
2007-06-14,71,70.72
2007-06-15,67.6,68.4
2007-06-16,67.6,68.4
2007-06-17,67.6,68.4
2007-06-18,64.22,64.27
2007-06-19,61.05,61.54
2007-06-20,64.1,62.46
2007-06-21,67.3,66.25
2007-06-22,67.62,70.45
2007-06-25,70,69.17
2007-06-26,68.81,69.23
2007-06-27,66,66.03
2007-06-28,65,65.66
2007-06-29,64,64.31
2007-07-02,63.5,63.59
2007-07-03,65,64
2007-07-04,64,63.59
2007-07-05,67.2,66.91
2007-07-06,65.51,65.47
2007-07-09,64.29,65.79
2007-07-10,67.5,66.66
2007-07-11,67.2,67.12
2007-07-12,67,65.86
2007-07-13,66.05,66.08
2007-07-16,67,65.5
2007-07-17,63.65,65.05
2007-07-18,66,65.4
2007-07-19,67,66.11
2007-07-20,66,66
2007-07-23,66.85,64.9
2007-07-24,65,64.5
2007-07-25,65.01,66.54
2007-07-26,65,65.82
2007-07-27,65,62.85
2007-07-30,66,66.34
2007-07-31,66.5,65.78
2007-08-01,65.06,65.86
2007-08-02,68.3,66.33
2007-08-03,68.29,66.3
2007-08-06,66,66.66
2007-08-07,62.7,63.24
2007-08-08,59.57,59.66
2007-08-09,60,59.09
2007-08-10,62,59.77
2007-08-13,59.5,59.27
2007-08-14,60.99,59.2
2007-08-15,59.99,58.28
2007-08-16,58,58.25
2007-08-17,60,59.63
2007-08-20,60,60.09
2007-08-21,59.9,59.26
2007-08-22,60,59.7
2007-08-23,57,57.02
2007-08-24,59.85,58.74
2007-08-27,60,59.6
2007-08-28,59.2,60.41
2007-08-29,59.2,61.29
2007-08-30,62.16,60.61
2007-08-31,62.01,61.79
2007-09-03,63,62.97
2007-09-04,63,62.92
2007-09-05,63,62.68
2007-09-06,62.5,62.91
2007-09-07,63,62.07
2007-09-10,66.15,64.94
2007-09-11,66.5,65.93
2007-09-12,68,66.62
2007-09-13,68.49,68.18
2007-09-14,71.91,70.09
2007-09-17,70,68.92
2007-09-18,73.5,72.96
2007-09-19,77.16,76.96
2007-09-20,81.01,80.66
2007-09-21,85.06,84.71
2007-09-24,88.99,86.86
2007-09-25,93.43,90.01
2007-09-26,90.1,92.05
2007-09-27,85.6,85.63
2007-09-28,81.32,81.32
2007-10-02,77.26,77.26
2007-10-03,73.4,73.4
2007-10-04,73.99,72.75
2007-10-05,76,75.09
2007-10-08,79.8,79.8
2007-10-09,83.79,83.79
2007-10-10,87.97,87.97
2007-10-15,92.36,92.36
2007-10-16,96.97,96.09
2007-10-17,101.81,101.54
2007-10-18,106.9,106.9
2007-10-19,112.24,112.24
2007-10-22,113.55,117.64
2007-10-23,107.88,107.93
2007-10-24,102.49,102.49
2007-10-25,102.49,98.05
2007-10-26,97.37,97.37
2007-10-29,92.51,92.51
2007-10-30,87.89,87.9
2007-10-31,83.51,83.6
2007-11-01,85,84.57
2007-11-02,87.9,86.96
2007-11-05,84.55,84.63
2007-11-06,85,84.6
2007-11-07,89,88.11
2007-11-08,92,89.09
2007-11-09,89.03,89.67
2007-11-12,85.21,85.82
2007-11-13,89.43,88.73
2007-11-14,86.02,86.44
2007-11-15,87,86.87
2007-11-16,87,85.79
2007-11-19,91,90.74
2007-11-20,92.01,95.16
2007-11-21,92.01,92.3
2007-11-22,96.61,96.57
2007-11-23,101.4,100.71
2007-11-26,106.47,102.54
2007-11-27,111.79,111.03
2007-11-28,117.37,117.02
2007-11-29,121.99,122.57
2007-11-30,128.08,127.71
2007-12-03,134.48,130.63
2007-12-04,141.2,140.32
2007-12-05,148.26,146.62
2007-12-06,155.67,155.38
2007-12-07,147.89,153.03
2007-12-10,140.5,140.5
2007-12-11,133.48,133.48
2007-12-12,133.48,128.99
2007-12-13,140.15,139.21
2007-12-14,147.15,146.42
2007-12-17,154.5,152.34
2007-12-18,162.22,157.65
2007-12-21,169,166.64
2007-12-24,178.84,176.81
2007-12-28,197.15,196.73
2007-12-31,207,203.37
2008-01-02,217.35,214.47
2008-01-03,228.21,226.45
2008-01-04,219.01,222.2
2008-01-07,229.96,226.94
2008-01-08,241.45,240.12
2008-01-09,245,248.15
2008-01-10,257.25,254.9893
2008-01-11,270.11,267.65
2008-01-14,274.5,272.45
2008-01-15,270,266.52
2008-01-16,260,258.65
2008-01-17,260,254.87
2008-01-18,260,255.59
2008-01-21,270,270.07
2008-01-22,268.8,270.18
2008-01-23,265,267
2008-01-24,260,259.54
2008-01-25,267,255.57
2008-01-28,264.5,257.98
2008-01-29,260,257.46
2008-01-30,255,255.78
2008-01-31,260,258.51
2008-02-01,260,257.78
2008-02-04,260,258.26
2008-02-05,255,254.21
2008-02-06,260,257.63
2008-02-07,252.7,255.14
2008-02-08,260.5,258.54
2008-02-11,260,256.21
2008-02-12,260,259.12
2008-02-13,261,259.43
2008-02-14,260,256.9
2008-02-15,273,268.61
2008-02-18,286.65,282.06
2008-02-19,300.98,298.23
2008-02-20,300.98,300.98
2008-02-21,300.98,300.98
2008-02-22,300.98,300.98
2008-02-25,300.98,300.98
2008-02-26,300.98,300.98
2008-02-27,300.98,300.98
2008-02-28,300.98,300.98
2008-02-29,300.98,300.98
2008-03-03,300.98,300.98
2008-03-04,300.98,300.98
2008-03-05,300.98,300.98
2008-03-06,300.98,300.98
2008-03-07,300.98,300.98
2008-03-10,300.98,300.98
2008-03-11,300.98,300.98
2008-03-12,300.98,300.98
2008-03-13,300.98,300.98
2008-03-14,300.98,300.98
2008-03-17,300.98,300.98
2008-03-18,300.98,300.98
2008-03-20,300.98,300.98
2008-03-25,300.98,300.98
2008-03-26,300.98,300.98
2008-03-27,300.98,300.98
2008-03-28,300.98,300.98
2008-03-31,300.98,300.98
2008-04-01,300.98,300.98
2008-04-02,300.98,300.98
2008-04-03,300.98,300.98
2008-04-04,300.98,300.98
2008-04-07,300.98,300.98
2008-04-08,300.98,300.98
2008-04-09,300.98,300.98
2008-04-10,300.98,300.98
2008-04-11,300.98,300.98
2008-04-14,300.98,300.98
2008-04-15,293.98,293.98
2008-04-16,293.98,293.98
2008-04-18,293.98,293.98
2008-04-21,293.98,293.98
2008-04-22,293.98,293.98
2008-04-23,293.98,293.98
2008-04-24,293.98,293.98
2008-04-25,293.98,293.98
2008-04-28,293.98,293.98
2008-04-29,293.98,293.98
2008-04-30,293.98,293.98
2008-05-02,293.98,293.98
2008-05-05,293.98,293.98
2008-05-06,293.98,293.98
2008-05-07,293.98,293.98
2008-05-08,293.98,293.98
2008-05-09,293.98,293.98
2008-05-12,293.98,293.98
2008-05-13,293.98,293.98
2008-05-14,293.98,293.98
2008-05-15,293.98,293.98
2008-05-16,293.98,293.98
2008-05-19,293.98,293.98
2008-05-20,293.98,293.98
2008-05-21,293.98,293.98
2008-05-22,293.98,293.98
2008-05-23,293.98,293.98
2008-05-26,293.98,293.98
2008-05-27,293.98,293.98
2008-05-28,293.98,293.98
2008-05-30,293.98,293.98
2008-06-02,293.98,293.98
2008-06-03,293.98,293.98
2008-06-04,293.98,293.98
2008-06-05,293.98,293.98
2008-06-06,293.98,293.98
2008-06-09,293.98,293.98
2008-06-10,293.98,293.98
2008-06-11,293.98,293.98
2008-06-12,293.98,293.98
2008-06-13,293.98,293.98
2008-06-16,293.98,293.98
2008-06-17,293.98,293.98
2008-06-18,293.98,293.98
2008-06-19,293.98,293.98
2008-06-20,293.98,293.98
2008-06-23,293.98,293.98
2008-06-24,293.98,293.98
2008-06-25,293.98,293.98
2008-06-26,293.98,293.98
2008-06-27,293.98,293.98
2008-06-30,293.98,293.98
2008-07-01,293.98,293.98
2008-07-02,293.98,293.98
2008-07-03,293.98,293.98
2008-07-04,293.98,293.98
2008-07-07,293.98,293.98
2008-07-08,293.98,293.98
2008-07-09,293.98,293.98
2008-07-10,293.98,293.98
2008-07-11,293.98,293.98
2008-07-14,293.98,293.98
2008-07-15,293.98,293.98
2008-07-16,293.98,293.98
2008-07-17,293.98,293.98
2008-07-18,293.98,293.98
2008-07-21,293.98,293.98
2008-07-22,293.98,293.98
2008-07-23,293.98,293.98
2008-07-24,293.98,293.98
2008-07-25,293.98,293.98
2008-07-28,293.98,293.98
2008-07-29,293.98,293.98
2008-07-30,293.98,293.98
2008-07-31,293.98,293.98
2008-08-01,293.98,293.98
2008-08-04,293.98,293.98
2008-08-05,293.98,293.98
2008-08-06,293.98,293.98
2008-08-07,293.98,293.98
2008-08-08,293.98,293.98
2008-08-11,293.98,293.98
2008-08-12,293.98,293.98
2008-08-13,293.98,293.98
2008-08-14,293.98,293.98
2008-08-18,293.98,293.98
2008-08-19,293.98,293.98
2008-08-21,293.98,293.98
2008-08-22,293.98,293.98
2008-08-25,293.98,293.98
2008-08-26,293.98,293.98
2008-08-27,293.98,293.98
2008-08-28,293.98,293.98
2008-08-29,293.98,293.98
2008-09-01,293.98,293.98
2008-09-02,293.98,293.98
2008-09-03,293.98,293.98
2008-09-04,293.98,293.98
2008-09-05,293.98,293.98
2008-09-08,293.98,293.98
2008-09-09,293.98,293.98
2008-09-10,293.98,293.98
2008-09-11,293.98,293.98
2008-09-12,293.98,293.98
2008-09-15,293.98,293.98
2008-09-16,293.98,293.98
2008-09-17,293.98,293.98
2008-09-18,293.98,293.98
2008-09-19,293.98,293.98
2008-09-22,293.98,293.98
2008-09-23,293.98,293.98
2008-09-24,293.98,293.98
2008-09-25,293.98,293.98
2008-09-26,293.98,293.98
2008-10-02,293.98,293.98
2008-10-03,293.98,293.98
2008-10-06,293.98,293.98
2008-10-07,293.98,293.98
2008-10-08,293.98,293.98
2008-10-09,293.98,293.98
2008-10-10,293.98,293.98
2008-10-13,293.98,293.98
2008-10-14,293.98,293.98
2008-10-15,293.98,293.98
2008-10-16,293.98,293.98
2008-10-17,293.98,293.98
2008-10-20,293.98,293.98
2008-10-21,293.98,293.98
2008-10-22,293.98,293.98
2008-10-23,293.98,293.98
2008-10-27,293.98,293.98
2008-10-28,293.98,293.98
2008-10-29,293.98,293.98
2008-10-30,293.98,293.98
2008-10-31,293.98,293.98
2008-11-03,293.98,293.98
2008-11-04,293.98,293.98
2008-11-05,293.98,293.98
2008-11-07,293.98,293.98
2008-11-10,293.98,293.98
2008-11-11,293.98,293.98
2008-11-12,293.98,293.98
2008-11-13,293.98,293.98
2008-11-14,293.98,293.98
2008-11-17,293.98,293.98
2008-11-18,293.98,293.98
2008-11-19,293.98,293.98
2008-11-20,293.98,293.98
2008-11-21,293.98,293.98
2008-11-24,293.98,293.98
2008-11-25,293.98,293.98
2008-11-26,293.98,293.98
2008-11-27,279.29,279.29
2008-11-28,279.29,279.29
2008-12-01,279.29,279.29
2008-12-02,279.29,279.29
2008-12-03,279.29,279.29
2008-12-04,279.29,279.29
2008-12-05,279.29,279.29
2008-12-10,279.29,279.29
2008-12-11,279.29,279.29
2008-12-12,279.29,279.29
2008-12-15,279.29,279.29
2008-12-16,279.29,279.29
2008-12-17,279.29,279.29
2008-12-18,279.29,279.29
2008-12-19,279.29,279.29
2008-12-22,279.29,279.29
2008-12-23,279.29,279.29
2008-12-24,279.29,279.29
2008-12-29,279.29,279.29
2008-12-31,279.29,279.29
2009-01-05,279.29,279.29
2009-01-06,279.29,279.29
2009-01-07,279.29,279.29
2009-01-08,279.29,279.29
2009-01-09,279.29,279.29
2009-01-12,279.29,279.29
2009-01-13,279.29,279.29
2009-01-14,279.29,279.29
2009-01-15,279.29,279.29
2009-01-16,279.29,279.29
2009-01-19,279.29,279.29
2009-01-20,265.33,265.33
2009-01-21,252.07,252.07
2009-01-22,252.07,252.07
2009-01-23,252.07,252.07
2009-01-26,252.07,252.07
2009-01-27,252.07,252.07
2009-01-28,252.07,252.07
2009-01-29,252.07,252.07
2009-01-30,252.07,252.07
2009-02-02,252.07,252.07
2009-02-03,252.07,252.07
2009-02-04,239.47,239.47
2009-02-05,227.5,227.5
2009-02-06,216.13,216.13
2009-02-09,205.33,205.33
2009-02-10,205.33,205.33
2009-02-11,205.33,205.33
2009-02-12,195.07,195.07
2009-02-13,185.32,185.32
2009-02-16,176.06,176.06
2009-02-17,167.26,167.26
2009-02-18,158.9,158.9
2009-02-19,150.96,150.96
2009-02-20,143.42,143.42
2009-02-23,136.25,136.25
2009-02-24,129.44,129.44
2009-02-25,122.97,122.97
2009-02-26,116.83,116.83
2009-02-27,110.99,110.99
2009-03-02,105.45,105.45
2009-03-03,100.18,100.18
2009-03-04,95.18,95.18
2009-03-05,90.43,90.43
2009-03-06,85.91,85.91
2009-03-10,81.62,81.62
2009-03-11,77.54,77.54
2009-03-12,73.67,73.67
2009-03-13,69.99,69.99
2009-03-16,66.5,66.5
2009-03-17,63.18,63.18
2009-03-18,60.03,60.03
2009-03-19,57.03,57.03
2009-03-20,54.18,54.18
2009-03-23,51.48,51.48
2009-03-24,48.91,48.91
2009-03-26,53.91,53.91
2009-03-27,56.6,56.6
2009-03-30,59.43,59.43
2009-03-31,62.4,62.4
2009-04-01,65.52,65.52
2009-04-02,68.79,68.79
2009-04-03,72.2199,72.2199
2009-04-06,75.8299,75.8299
2009-04-07,79.62,79.62
2009-04-08,83.51,83.4
2009-04-09,84.98,84.56
2009-04-14,80.7399,80.8599
2009-04-15,76.7099,76.7099
2009-04-16,76.7099,73.78
2009-04-17,80.54,77.8799
2009-04-20,84.5,81.14
2009-04-21,85,83.6899
2009-04-22,86,84.54
2009-04-23,83,84.4
2009-04-24,83,81.78
2009-04-27,79.98,80.39
2009-04-28,75.9899,76.18
2009-04-29,72.2,72.2399
2009-04-30,69,68.68
2009-05-04,69.98,67.0699
2009-05-05,69.98,68.73
2009-05-06,73.4,72.3799
2009-05-07,73.4699,73.4699
2009-05-08,73.4699,73.4699
2009-05-11,73.47,73.47
2009-05-12,77.14,75.86
2009-05-13,77.14,77.14
2009-05-14,80.9,79.91
2009-05-15,78,80.88
2009-05-18,77.99,75.96
2009-05-19,81.88,80.83
2009-05-20,85.9,84.31
2009-05-21,82,83.88
2009-05-22,82.51,81.87
2009-05-25,83,83.18
2009-05-26,83.01,82.56
2009-05-27,86.4,85.09
2009-05-28,86.41,86.41
2009-06-01,89,87.39
2009-06-03,90,86.98
2009-06-04,90,87.87
2009-06-05,90,90
2009-06-08,90,88.34
2009-06-09,90,88.96
2009-06-10,90.95,90.76
2009-06-11,85.56,86
2009-06-12,89.99,88.16
2009-06-15,94,90.39
2009-06-16,94,94.91
2009-06-17,94,94
2009-06-25,105,105
2009-08-10,62,62.32
2009-08-11,60.84,62
2009-08-12,60,60.84
2009-08-13,60,60
2009-08-14,59,61.01
2009-08-18,56.05,59
2009-08-19,53.25,56.05
2009-08-20,53.25,53.25
2009-08-21,50.59,53.25
2009-08-24,52,50.59
2009-08-25,52,52
2009-08-26,52,52
2009-08-27,49.4,52
2009-08-28,46.93,49.4
2009-08-31,44.59,46.93
2009-09-01,42.4,44.59
2009-09-02,42,42.4
2009-09-03,40,42
2009-09-04,39.5,40
2009-09-07,39.5,39.5
2009-09-08,39.5,39.5
2009-09-09,38.61,39.5
2009-09-10,36.68,38.61
2009-09-11,36.68,36.68
2009-09-14,36,36.68
2009-09-15,34.2,36
2009-09-16,34.2,34.2
2009-09-17,33,34.2
2009-09-18,33,33
2009-09-23,33.01,33
2009-09-24,32,33.01
2009-09-25,32,32
2009-09-28,30.4,32
2009-09-29,31,30.4
2009-09-30,31,31
2009-10-02,30.5,31
2009-10-05,30.5,30.5
2009-10-06,30,30.5
2009-10-07,30,30
2009-10-08,30,30
2009-10-09,30,30
2009-10-12,31.5,30
2009-10-13,33.07,31.5
2009-10-14,32.01,33.07
2009-10-15,30.43,32.01
2009-10-16,30.45,30.43
2009-10-19,30.45,30.45
2009-10-20,31.97,30.45
2009-10-21,33.56,31.97
2009-10-22,35.08,33.56
2009-10-23,35.8,35.08
2009-10-26,32,32
2009-10-27,35.99,36.02
2009-10-28,34.93,35.99
2009-10-29,34.93,34.93
2009-10-30,34,34.93
2009-11-02,34.05,34
2009-11-03,34.05,34.05
2009-11-04,32.36,34.05
2009-11-05,30.75,32.36
2009-11-06,32.28,30.75
2009-11-09,33.87,32.28
2009-11-10,33.87,33.87
2009-11-11,33.87,33.87
2009-11-12,33.49,33.87
2009-11-13,33.49,33.49
2009-11-16,33.01,33.49
2009-11-17,33.51,33.01
2009-11-18,34.8,33.51
2009-11-19,34.8,34.8
2009-11-20,34.8,34.8
2009-11-23,34,34.8
2009-11-24,34,34
2009-11-25,34,34
2009-11-30,34,34
2009-12-01,34,34
2009-12-02,34,34
2009-12-03,34,34
2009-12-04,34,34
2009-12-07,33.51,34
2009-12-08,33.51,33.51
2009-12-09,33.51,33.51
2009-12-10,33.51,33.51
2009-12-11,33.51,33.51
2009-12-14,33.51,33.51
2009-12-15,33.51,33.51
2009-12-16,33.51,33.51
2009-12-17,33.51,33.51
2009-12-18,33.51,33.51
2009-12-21,33.51,33.51
2009-12-22,33.51,33.51
2009-12-23,33.51,33.51
2009-12-28,33.51,33.51
2009-12-30,33.51,33.51
2009-12-31,33.51,33.51
2010-01-04,33.51,33.51
2010-01-05,33.51,33.51
2010-01-06,33.51,33.51
2010-01-07,34.51,33.51
2010-01-08,34.51,34.51
2010-01-11,34.57,34.51
2010-01-12,36.15,34.57
2010-01-13,37.1,36.15
2010-01-14,37.1,37.1
2010-01-15,37.1,37.1
2010-01-18,37.1,37.1
2010-01-19,37.1,37.1
2010-01-20,36.5,37.1
2010-01-21,36.5,36.5
2010-01-22,36.5,36.5
2010-01-25,36.5,36.5
2010-01-26,36.5,36.5
2010-01-27,36.5,36.5
2010-01-28,36.5,36.5
2010-01-29,36.4,36.5
2010-02-01,36.4,36.4
2010-02-02,36.4,36.4
2010-02-03,36.4,36.4
2010-02-04,37.5,36.4
2010-02-05,39.37,37.5
2010-02-08,39.37,39.37
2010-02-09,39.37,39.37
2010-02-10,38.02,39.37
2010-02-11,38.02,38.02
2010-02-12,38,38.02
2010-02-15,38,38
2010-02-16,38.06,38
2010-02-17,38.06,38.06
2010-02-18,38.6,38.06
2010-02-19,39.5,38.6
2010-02-22,41,39.5
2010-02-23,43.05,41
2010-02-24,45.2,43.05
2010-02-25,47.46,45.2
2010-03-01,45.7,47.46
2010-03-02,45.7,47.46
2010-03-03,41.25,43.42
2010-03-04,39.7,41.25
2010-03-05,40.5,39.7
2010-03-08,40.56,40.5
2010-03-09,42.58,40.56
2010-03-10,42.58,42.58
2010-03-11,43.11,42.58
2010-03-12,45.26,43.11
2010-03-15,44,45.26
2010-03-16,44.5,44
2010-03-17,45.4,44.5
2010-03-18,45.4,45.4
2010-03-22,45.4,45.4
2010-03-23,45.4,45.4
2010-03-24,43.13,45.4
2010-03-25,43.13,43.13
2010-03-26,43.13,43.13
2010-03-29,43.13,43.13
2010-03-30,40.98,43.13
2010-03-31,40.98,40.98
2010-04-01,40.98,40.98
2010-04-06,38.94,40.98
2010-04-07,37,38.94
2010-04-08,37.5,37
2010-04-09,39.37,37.5
2010-04-12,41.33,39.37
2010-04-14,43,43.39
2010-04-15,45.14,43
2010-04-16,47.39,45.14
2010-04-19,45.1,47.39
2010-04-20,43.42,45.1
2010-04-21,42,43.42
2010-04-22,40,42
2010-04-23,40,40
2010-04-26,40.6,40
2010-04-27,40.6,40.6
2010-04-28,40.6,40.6
2010-04-29,40.6,40.6
2010-04-30,40.6,40.6
2010-05-04,40.6,40.6
2010-05-05,39.51,40.6
2010-05-07,38.1,39.51
2010-05-10,38.1,38.1
2010-05-11,39.7,38.1
2010-05-12,41.68,39.7
2010-05-13,41.99,41.68
2010-05-14,41.99,41.99
2010-05-17,40,41.99
2010-05-18,40,40
2010-05-19,40.02,40
2010-05-20,40.02,40.02
2010-05-21,39.8,40.02
2010-05-24,39.8,39.8
2010-05-25,39.8,39.8
2010-05-26,39.8,39.8
2010-05-27,39.8,39.8
2010-05-28,39.95,39.8
2010-06-01,40.85,39.95
2010-06-02,40.85,39.95
2010-06-03,40,40
2010-06-04,38.1,40
2010-06-07,38.1,38.1
2010-06-08,38.65,38.1
2010-06-09,38.65,38.65
2010-06-10,38.65,38.65
2010-06-11,37,38.65
2010-06-14,37,37
2010-06-15,37,37
2010-06-16,37,37
2010-06-17,37,37
2010-06-18,37,37
2010-06-21,37,37
2010-06-22,37,37
2010-06-23,37,37
2010-06-24,36.58,37
2010-06-25,36.58,36.58
2010-06-28,36.58,36.58
2010-06-29,36.58,36.58
2010-06-30,36.58,36.58
2010-07-01,36.58,36.58
2010-07-02,35.61,36.58
2010-07-05,35.61,36.58
2010-07-06,35.61,35.61
2010-07-07,35.61,35.61
2010-07-08,35.61,35.61
2010-07-09,35.61,35.61
2010-07-12,35.61,35.61
2010-07-13,35.61,35.61
2010-07-14,34,35.61
2010-07-16,32.9,34
2010-07-19,32.9,32.9
2010-07-20,32.9,32.9
2010-07-21,32.9,32.9
2010-07-22,32.9,32.9
2010-07-23,32.9,32.9
2010-07-26,32.9,32.9
2010-07-27,30,31.26
2010-07-28,30,30
2010-07-29,28.5,30
2010-07-30,27.08,28.5
2010-08-02,27.08,27.08
2010-08-03,27.08,27.08
2010-08-04,27.08,27.08
2010-08-05,27.08,27.08
2010-08-06,27,27.08
2010-08-09,27,27
2010-08-10,27,27
2010-08-11,27,27
2010-08-12,27,27
2010-08-13,26.99,27
2010-08-16,26.01,26.99
2010-08-17,24.71,26.01
2010-08-18,23.48,24.71
2010-08-19,22.31,23.48
2010-08-20,21.2,22.31
2010-08-23,22.25,21.2
2010-08-24,23.36,22.25
2010-08-25,24.52,23.36
2010-08-26,25.74,24.52
2010-08-27,27.02,25.74
2010-08-30,27.02,27.02
2010-08-31,27.02,27.02
2010-09-01,28.37,27.02
2010-09-02,29.78,28.37
2010-09-03,31.26,29.78
2010-09-06,32.82,31.26
2010-09-07,34.4,32.82
2010-09-08,32.71,34.4
2010-09-13,32.71,32.71
2010-09-14,31.08,32.71
2010-09-15,31.08,31.08
2010-09-16,31.08,31.08
2010-09-17,31.08,31.08
2010-09-20,31.08,31.08
2010-09-21,31.08,31.08
2010-09-22,31.08,31.08
2010-09-23,29.53,31.08
2010-09-24,29.53,29.53
2010-09-27,28.06,29.53
2010-09-28,26.66,28.06
2010-09-29,26.66,26.66
2010-09-30,29.53,29.53
2010-10-04,26.66,26.66
2010-10-05,26.66,26.66
2010-10-06,26.66,26.66
2010-10-07,25.33,26.66
2010-10-08,24.07,25.33
2010-10-11,24.07,24.07
2010-10-12,25.27,24.07
2010-10-13,26.53,25.27
2010-10-14,27.83,26.53
2010-10-15,27.83,27.83
2010-10-18,27.83,27.83
2010-10-19,27.83,27.83
2010-10-20,27.83,27.83
2010-10-21,26.5,27.83
2010-10-22,26.25,26.5
2010-10-25,26.25,26.25
2010-10-26,26.25,26.25
2010-10-27,26.25,26.25
2010-10-28,26.25,26.25
2010-10-29,26.25,26.25
2010-11-01,26.25,26.25
2010-11-02,26.25,26.25
2010-11-03,24.94,26.25
2010-11-04,24.94,24.94
2010-11-05,24.94,NA
2010-11-08,24.94,24.94
2010-11-09,24.94,24.94
2010-11-10,24,24.94
2010-11-11,22.86,24
2010-11-12,22,22.86
2010-11-15,22,22
2010-11-18,23.1,22
2010-11-19,23.63,23.1
2010-11-22,23.5,23.63
2010-11-23,23.5,23.5
2010-11-24,22.33,23.5
2010-11-25,22.4,22.33
2010-11-26,22.4,22.4
2010-11-29,22.4,22.4
2010-11-30,21.28,22.4
2010-12-01,20.22,21.28
2010-12-02,21.13,20.22
2010-12-03,21.15,21.13
2010-12-06,20.12,21.15
2010-12-07,19.2,20.12
2010-12-08,20,19.2
2010-12-09,21,20
2010-12-10,22.05,21
2010-12-13,22.98,22.05
2010-12-14,23,22.98
2010-12-15,22.01,23
2010-12-16,22.28,22.01
2010-12-17,21.2,22.28
2010-12-21,20.95,20.95
2010-12-22,21.9,20.95
2010-12-23,21.9,21.9
2010-12-24,21.9,21.9
2010-12-29,21.9,21.9
2010-12-30,21.9,21.9
2010-12-31,21.9,21.9
2011-01-04,21.9,21.9
2011-01-05,21.56,21.9
2011-01-06,21.9,21.56
2011-01-07,22,21.9
2011-01-10,21.9,22
2011-01-11,21.9,21.9
2011-01-12,22,21.9
2011-01-13,21.98,22
2011-01-14,22.39,21.98
2011-01-17,22,22.39
2011-01-18,22,22
2011-01-19,22.1,22
2011-01-20,23,22.1
2011-01-21,24.15,23
2011-01-24,25.35,24.15
2011-01-25,26.03,25.35
2011-01-26,27.33,26.03
2011-01-27,28.69,27.33
2011-01-28,27.75,28.69
2011-01-31,26.39,27.75
2011-02-01,25.08,26.39
2011-02-02,25,25.08
2011-02-03,26.25,25
2011-02-04,27,26.25
2011-02-07,27.5,27
2011-02-08,27.5,27.5
2011-02-09,27.5,27.5
2011-02-10,27.5,27.5
2011-02-11,27.5,27.5
2011-02-14,26.25,27.5
2011-02-16,26.25,26.25
2011-02-17,26.25,26.25
2011-02-18,26.25,26.25
2011-02-21,26.25,26.25
2011-02-22,26.25,26.25
2011-02-23,26.25,26.25
2011-02-24,26.25,26.25
2011-02-25,24.94,26.25
2011-02-28,24.94,24.94
2011-03-01,24.94,24.94
2011-03-02,24.94,24.94
2011-03-03,24.94,24.94
2011-03-04,24.94,24.94
2011-03-07,24.94,24.94
2011-03-08,23.7,24.94
2011-03-09,23.7,23.7
2011-03-10,23.7,23.7
2011-03-11,23.7,23.7
2011-03-14,23.7,23.7
2011-03-15,23.7,23.7
2011-03-16,23.7,23.7
2011-03-17,23.7,23.7
2011-03-18,22.52,23.7
2011-03-21,22.52,22.52
2011-03-22,22.52,22.52
2011-03-23,22.52,22.52
2011-03-24,22.52,22.52
2011-03-25,22.52,22.52
2011-03-28,22.52,22.52
2011-03-29,22.52,22.52
2011-03-30,22.52,22.52
2011-03-31,22.52,22.52
2011-04-01,22.52,22.52
2011-04-04,22.52,22.52
2011-04-05,22.52,22.52
2011-04-06,22.52,22.52
2011-04-07,22.52,22.52
2011-04-08,22.52,22.52
2011-04-11,22.52,22.52
2011-04-12,22.52,22.52
2011-04-13,22.52,22.52
2011-04-14,22.52,22.52
2011-04-15,21.4,22.52
2011-04-18,20.38,21.4
2011-04-19,20.38,20.38
2011-04-20,20.38,20.38
2011-04-21,20.38,20.38
2011-04-27,21,20.38
2011-04-28,20.99,21
2011-04-29,20.99,20.99
2011-05-03,20.99,20.99
2011-05-04,20.99,20.99
2011-05-05,20.02,20.99
2011-05-06,20.02,20.02
2011-05-09,20.02,20.02
2011-05-10,20.02,20.02
2011-05-11,20.02,20.02
2011-05-12,20.02,20.02
2011-05-13,20.1,20.02
2011-05-16,20.1,20.1
2011-05-17,20.1,20.1
2011-05-18,20.5,20.1
2011-05-19,20.5,20.5
2011-05-20,20.5,20.5
2011-05-23,20.5,20.5
2011-05-24,20.5,20.5
2011-05-25,20.5,20.5
2011-05-26,20.5,20.5
2011-05-27,20.5,20.5
2011-05-31,20.5,20.5
2011-06-01,21.35,20.5
2011-06-02,21.35,21.35
2011-06-03,21.35,21.35
2011-06-06,21.35,21.35
2011-06-07,21.35,21.35
2011-06-08,21.35,21.35
2011-06-09,21.35,21.35
2011-06-10,21.35,21.35
2011-06-13,21.35,21.35
2011-06-14,21.35,21.35
2011-06-15,21.35,21.35
2011-06-16,21.35,21.35
2011-06-17,21.35,21.35
2011-06-20,21.35,21.35
2011-06-21,21.35,21.35
2011-06-22,21.35,21.35
2011-06-23,21.35,21.35
2011-06-24,21.35,21.35
2011-06-27,21.35,21.35
2011-06-28,20.29,21.35
2011-06-29,20.29,20.29
2011-06-30,19.28,20.29
2011-07-01,19.28,19.28
2011-07-04,19.28,19.28
2011-07-05,19.28,19.28
2011-07-06,19.28,19.28
2011-07-07,19.28,19.28
2011-07-08,19.28,19.28
2011-07-11,19.28,19.28
2011-07-12,19.28,19.28
2011-07-13,19.28,19.28
2011-07-14,19.28,19.28
2011-07-15,19.28,19.28
2011-07-18,19.28,19.28
2011-07-19,19.28,19.28
2011-07-20,19.28,19.28
2011-07-21,19.28,19.28
2011-07-22,19.28,19.28
2011-07-25,19.28,19.28
2011-07-26,19.28,19.28
2011-07-27,19.28,19.28
2011-07-28,19.28,19.28
2011-07-29,19.28,19.28
2011-08-01,19.28,19.28
2011-08-02,19.28,19.28
2011-08-03,19.28,19.28
2011-08-04,18.32,19.28
2011-08-05,18.32,18.32
2011-08-08,18.32,18.32
2011-08-09,18.32,18.32
2011-08-10,18.32,18.32
2011-08-12,18.32,18.32
2011-08-15,17.41,18.32
2011-08-16,17.41,17.41
2011-08-17,17.41,17.41
2011-08-18,17.41,17.41
2011-08-19,17.41,17.41
2011-08-22,17.41,17.41
2011-08-23,17.41,17.41
2011-08-24,17.41,17.41
2011-08-25,17.41,17.41
2011-08-26,17.41,17.41
2011-08-29,17.41,17.41
2011-09-01,17.41,17.41
2011-09-02,17.41,17.41
2011-09-05,16.54,17.41
2011-09-06,15.72,16.54
2011-09-07,14.94,15.72
2011-09-08,14.2,14.94
2011-09-09,14.2,14.2
2011-09-12,13.49,14.2
2011-09-13,12.82,13.49
2011-09-14,12.18,12.82
2011-09-15,11.58,12.18
2011-09-16,11.58,11.58
2011-09-19,11.58,11.58
2011-09-20,11.58,11.58
2011-09-21,11.58,11.58
2011-09-22,11.01,11.58
2011-09-23,10.46,11.01
2011-09-26,10.46,10.46
2011-09-27,10.98,10.46
2011-09-28,10.98,10.98
2011-09-29,10.44,10.98
2011-09-30,10.44,10.44
2011-10-04,10,10.44
2011-10-05,10,10
2011-10-06,9.6,10
2011-10-07,9.6,9.6
2011-10-10,9.6,9.6
2011-10-11,9.12,9.6
2011-10-12,9.12,9.12
2011-10-13,9.12,9.12
2011-10-14,9.12,9.12
2011-10-17,9.12,9.12
2011-10-18,9.12,9.12
2011-10-19,9.12,9.12
2011-10-20,9.12,9.12
2011-10-21,9.12,9.12
2011-10-24,9.12,9.12
2011-10-25,9.12,9.12
2011-10-26,9.12,9.12
2011-10-27,9.12,9.12
2011-10-28,9.12,9.12
2011-10-31,9.12,9.12
2011-11-01,9.12,9.12
2011-11-02,9.57,9.12
2011-11-03,10.04,9.57
2011-11-04,10.04,10.04
2011-11-09,10.04,10.04
2011-11-10,10.54,10.04
2011-11-11,11.06,10.54
2011-11-14,11.61,11.06
2011-11-15,11.61,11.61
2011-11-16,12.19,11.61
2011-11-17,12.79,12.19
2011-11-18,12.79,12.79
2011-11-21,13.42,12.79
2011-11-22,14.09,13.42
2011-11-23,14.79,14.09
2011-11-24,14.79,14.79
2011-11-25,14.79,14.79
2011-11-28,15.52,14.79
2011-11-29,15.52,15.52
2011-11-30,15.1,15.52
2011-12-01,15,15.1
2011-12-02,15,15
2011-12-05,15,15
2011-12-06,15,15
2011-12-07,15,15
2011-12-08,15,15
2011-12-09,14.25,15
2011-12-12,14.25,14.25
2011-12-13,13.54,14.25
2011-12-14,13.54,13.54
2011-12-15,13.54,13.54
2011-12-16,13.54,13.54
2011-12-19,13.54,13.54
2011-12-20,13.54,13.54
2011-12-21,13.54,13.54
2011-12-22,12.87,13.54
2011-12-23,12.87,12.87
2011-12-28,12.23,12.87
2011-12-29,11.62,12.23
2011-12-30,11.6,11.62
2012-01-03,11.6,11.6
2012-01-04,12.18,11.6
2012-01-05,12.18,12.18
2012-01-06,12.18,12.18
2012-01-11,12.18,12.18
2012-01-17,12.18,12.18
2012-01-18,12.18,12.18
2012-01-19,12.18,12.18
2012-01-20,12.18,12.18
2012-01-23,12.18,12.18
2012-01-24,12.18,12.18
2012-01-25,12.18,12.18
2012-01-26,12.18,12.18
2012-01-30,12.18,12.18
2012-01-31,12.18,12.18
2012-02-01,12.18,12.18
2012-02-02,12.18,12.18
2012-02-03,12.18,12.18
2012-02-07,12.18,12.18
2012-02-08,12.18,12.18
2012-02-09,12.18,12.18
2012-02-10,12.18,12.18
2012-02-13,12.18,12.18
2012-02-14,12.18,12.18
2012-02-15,12.18,12.18
2012-02-16,11.58,12.18
2012-02-17,11.01,11.58
2012-02-20,10.46,11.01
2012-02-21,10.1,10.46
2012-02-22,10.1,10.1
2012-02-23,10.1,10.1
2012-02-24,10.1,10.1
2012-02-27,10.1,10.1
2012-02-28,10.1,10.1
2012-02-29,10.1,10.1
2012-03-01,10.1,10.1
2012-03-02,10.1,10.1
2012-03-06,10.6,10.1
2012-03-07,10.6,10.6
2012-03-08,10.6,10.6
2012-03-09,10.6,10.6
2012-03-12,10.6,10.6
2012-03-13,10.6,10.6
2012-03-14,10.6,10.6
2012-03-15,10.6,10.6
2012-03-16,10.5,10.6
2012-03-19,10.5,10.5
2012-03-20,10.5,10.5
2012-03-21,11,10.5
2012-03-22,11,11
2012-03-23,11,11
2012-03-26,11,11
2012-03-27,11,11
2012-03-28,11,11
2012-03-29,11,11
2012-03-30,11,11
2012-04-02,10.99,11
2012-04-03,10.99,11
2012-04-04,10.6,10.6
2012-04-05,10.6,10.6
2012-04-10,10.6,10.6
2012-04-11,10.6,10.6
2012-04-12,10.6,10.6
2012-04-13,10.6,10.6
2012-04-16,10.6,10.6
2012-04-17,10.07,10.6
2012-04-18,10.06,10.07
2012-04-19,9.82,10.06
2012-04-20,10.02,9.82
2012-04-23,10.02,10.02
2012-04-24,10.5,10.02
2012-04-25,10.5,10.5
2012-04-26,10.5,10.5
2012-04-27,10.5,10.5
2012-04-30,10.5,10.5
2012-05-02,10.5,10.5
2012-05-03,10.5,10.5
2012-05-04,10.8,10.5
2012-05-07,10.8,10.8
2012-05-08,10.8,10.8
2012-05-09,10.8,10.8
2012-05-10,10.8,10.8
2012-05-11,10.8,10.8
2012-05-14,10.8,10.8
2012-05-15,10.8,10.8
2012-05-16,11.34,10.8
2012-05-17,11.34,11.34
2012-05-18,11.34,11.34
2012-05-21,11.4,11.34
2012-05-22,10.98,11.4
2012-05-23,10.98,10.98
2012-05-24,10.98,10.98
2012-05-25,10.5,10.5
2012-05-28,10.98,10.98
2012-05-30,10.98,10.98
2012-05-31,10.98,10.98
2012-06-04,10.98,10.98
2012-06-05,10.98,10.98
2012-06-06,10.98,10.98
2012-06-07,10.98,10.98
2012-06-08,10.44,10.98
2012-06-11,10,10.44
2012-06-12,10,10
2012-06-13,10.5,10
2012-06-14,11,10.5
2012-06-15,11,11
2012-06-18,11,11
2012-06-19,11,11
2012-06-20,11,11
2012-06-21,11,11
2012-06-22,11,11
2012-06-25,11,11
2012-06-26,11,11
2012-06-27,11,11
2012-06-28,11,11
2012-06-29,10.99,11
2012-07-02,10.99,10.99
2012-07-03,11.41,10.99
2012-07-04,11.41,11.41
2012-07-05,11.41,11.41
2012-07-06,11.41,11.41
2012-07-09,11.41,11.41
2012-07-10,11.41,11.41
2012-07-11,10.84,11.41
2012-07-12,10.84,10.84
2012-07-13,10.84,10.84
2012-07-16,11.29,10.84
2012-07-17,11.29,11.29
2012-07-18,11.29,11.29
2012-07-19,11.29,11.29
2012-07-20,11.29,11.29
2012-07-23,11.29,11.29
2012-07-24,11.29,11.29
2012-07-25,11.29,11.29
2012-07-26,11.29,11.29
2012-07-27,11.29,11.29
2012-07-30,11.29,11.29
2012-07-31,10.73,11.29
2012-08-01,10.73,10.73
2012-08-02,10.73,10.73
2012-08-03,10,10.2
2012-08-06,10,10
2012-08-07,10.42,10
2012-08-08,10.42,10.42
2012-08-09,10.42,10.42
2012-08-10,10.42,10.42
2012-08-13,10.42,10.42
2012-08-14,10.42,10.42
2012-08-15,10.42,10.42
2012-08-16,10.42,10.42
2012-08-17,10.42,10.42
2012-08-22,10.42,10.42
2012-08-23,10.42,10.42
2012-08-24,10.42,10.42
2012-08-27,10.42,10.42
2012-08-28,10.42,10.42
2012-08-29,10.42,10.42
2012-08-30,10.42,10.42
2012-08-31,10.47,10.42
2012-09-03,10.47,10.47
2012-09-04,10.95,10.47
2012-09-05,11.4,10.95
2012-09-06,11.4,11.4
2012-09-07,11.4,11.4
2012-09-10,10.83,11.4
2012-09-11,10.83,10.83
2012-09-12,10.83,10.83
2012-09-13,10.35,10.83
2012-09-14,10.86,10.35
2012-09-17,10.86,10.86
2012-09-18,10.86,10.86
2012-09-19,11.05,10.86
2012-09-20,11.05,11.05
2012-09-21,11,11.05
2012-09-24,10.65,11
2012-09-25,10.5,10.65
2012-09-26,10.5,10.5
2012-09-27,10.5,10.5
2012-09-28,10.5,10.5
2012-10-02,10.5,10.5
2012-10-03,10.5,10.5
2012-10-04,10.5,10.5
2012-10-05,10.2,10.5
2012-10-08,10.2,10.2
2012-10-09,10.2,10.2
2012-10-10,10.2,10.2
2012-10-11,10.2,10.2
2012-10-12,10.2,10.2
2012-10-15,10.2,10.2
2012-10-16,10.2,10.2
2012-10-17,10.25,10.2
2012-10-18,10.25,10.25
2012-10-19,10.25,10.25
2012-10-22,10.25,10.25
2012-10-23,10,10.25
2012-10-24,10,10
2012-10-29,10,10
2012-10-30,10,10
2012-10-31,10,10
2012-11-01,9.89,10
2012-11-02,9.89,9.89
2012-11-05,9.89,9.89
2012-11-06,9.89,9.89
2012-11-07,9.89,9.89
2012-11-08,9.5,9.89
2012-11-09,9.5,9.5
2012-11-12,9.3,9.5
2012-11-13,9.3,9.3
2012-11-14,9.3,9.3
2012-11-15,9.3,9.3
2012-11-16,9.3,9.3
2012-11-19,9.3,9.3
2012-11-20,9.3,9.3
2012-11-21,9.3,9.3
2012-11-22,8.84,9.3
2012-11-23,8.84,8.84
2012-11-26,8.84,8.84
2012-11-27,8.84,8.84
2012-11-28,8.84,8.84
2012-11-29,8.84,8.84
2012-11-30,8.84,8.84
2012-12-03,8.4,8.84
2012-12-04,8.4,8.4
2012-12-05,7.98,8.4
2012-12-06,7.98,7.98
2012-12-07,7.98,7.98
2012-12-10,7.98,7.98
2012-12-11,7.98,7.98
2012-12-12,7.98,7.98
2012-12-13,7.98,7.98
2012-12-14,8,7.98
2012-12-17,7.75,8
2012-12-18,7.75,7.75
2012-12-19,7.75,7.75
2012-12-20,7.75,7.75
2012-12-21,7.75,7.75
2012-12-24,8.13,7.75
2012-12-27,7.73,8.13
2012-12-28,7.73,7.73
2012-12-31,7.73,7.73
2013-01-02,7.73,7.73
2013-01-03,7.73,7.73
2013-01-04,8.11,7.73
2013-01-07,8.11,8.11
2013-01-08,8.51,8.11
2013-01-09,8.93,8.51
2013-01-10,9.37,8.93
2013-01-11,9.83,9.37
2013-01-14,10.32,9.83
2013-01-15,10.32,10.32
2013-01-16,10.32,10.32
2013-01-17,10.83,10.32
2013-01-18,11.37,10.83
2013-01-21,11.93,11.37
2013-01-22,12.52,11.93
2013-01-23,13.14,12.52
2013-01-25,13.79,13.14
2013-01-28,14.47,13.79
2013-01-29,15.19,14.47
2013-01-30,15.94,15.19
2013-01-31,16.73,15.94
2013-02-01,17.54,16.73
2013-02-04,17.54,17.54
2013-02-05,16.67,17.54
2013-02-06,17.54,17.54
2013-02-07,17.54,17.54
2013-02-08,16.67,17.54
2013-02-11,15.84,16.67
2013-02-12,16.63,15.84
2013-02-13,15.8,16.63
2013-02-14,15.01,15.8
2013-02-15,14.26,15.01
2013-02-18,14.26,14.26
2013-02-19,13.55,14.26
2013-02-20,13.55,13.55
2013-02-21,12.88,13.55
2013-02-22,12.88,12.88
2013-02-25,12.88,12.88
2013-02-27,12.88,12.88
2013-02-28,12.88,12.88
2013-03-01,12.88,12.88
