Date,Open,High,Low,Close,Volume,Trades,Value
2000-01-04,1.45,NA,NA,1.45,NA,NA,NA
2000-01-05,1.45,NA,NA,1.45,NA,NA,NA
2000-01-10,1.45,NA,NA,1.45,NA,NA,NA
2000-01-11,1.45,NA,NA,1.45,NA,NA,NA
2000-01-12,1.45,NA,NA,1.45,NA,NA,NA
2000-01-13,1.45,NA,NA,1.45,NA,NA,NA
2000-01-14,1.45,NA,NA,1.45,NA,NA,NA
2000-01-17,1.45,NA,NA,1.45,NA,NA,NA
2000-01-18,1.45,NA,NA,1.45,NA,NA,NA
2000-01-19,1.45,NA,NA,1.45,NA,NA,NA
2000-01-20,1.45,NA,NA,1.45,NA,NA,NA
2000-01-21,1.45,NA,NA,1.45,NA,NA,NA
2000-01-24,1.45,NA,NA,1.45,NA,NA,NA
2000-01-25,1.45,NA,NA,1.45,NA,NA,NA
2000-01-26,1.45,NA,NA,1.45,NA,NA,NA
2000-01-27,1.45,NA,NA,1.45,NA,NA,NA
2000-01-28,1.45,NA,NA,1.45,NA,NA,NA
2000-01-31,1.45,NA,NA,1.45,NA,NA,NA
2000-02-01,1.45,NA,NA,1.45,NA,NA,NA
2000-02-02,1.45,NA,NA,1.45,NA,NA,NA
2000-02-03,1.45,NA,NA,1.45,NA,NA,NA
2000-02-04,1.45,NA,NA,1.45,NA,NA,NA
2000-02-07,1.45,NA,NA,1.45,NA,NA,NA
2000-02-08,1.45,NA,NA,1.45,NA,NA,NA
2000-02-09,1.45,NA,NA,1.45,NA,NA,NA
2000-02-10,1.45,NA,NA,1.45,NA,NA,NA
2000-02-11,1.45,NA,NA,1.45,NA,NA,NA
2000-02-14,1.45,NA,NA,1.45,NA,NA,NA
2000-02-15,1.45,NA,NA,1.45,NA,NA,NA
2000-02-16,1.45,NA,NA,1.45,NA,NA,NA
2000-02-17,1.45,NA,NA,1.45,NA,NA,NA
2000-02-18,1.45,NA,NA,1.45,NA,NA,NA
2000-02-21,1.45,NA,NA,1.45,NA,NA,NA
2000-02-22,1.45,NA,NA,1.45,NA,NA,NA
2000-02-23,1.45,NA,NA,1.45,NA,NA,NA
2000-02-24,1.45,NA,NA,1.45,NA,NA,NA
2000-02-25,1.45,NA,NA,1.45,NA,NA,NA
2000-02-28,1.45,NA,NA,1.45,NA,NA,NA
2000-02-29,1.45,NA,NA,1.45,NA,NA,NA
2000-03-01,1.45,NA,NA,1.45,NA,NA,NA
2000-03-02,1.45,NA,NA,1.45,NA,NA,NA
2000-03-03,1.45,NA,NA,1.45,NA,NA,NA
2000-03-06,1.45,NA,NA,1.45,NA,NA,NA
2000-03-07,1.45,NA,NA,1.45,NA,NA,NA
2000-03-08,1.45,NA,NA,1.45,NA,NA,NA
2000-03-09,1.45,NA,NA,1.45,NA,NA,NA
2000-03-10,1.45,NA,NA,1.45,NA,NA,NA
2000-03-13,1.45,NA,NA,1.45,NA,NA,NA
2000-03-14,1.45,NA,NA,1.45,NA,NA,NA
2000-03-17,1.45,NA,NA,1.45,NA,NA,NA
2000-03-20,1.45,NA,NA,1.45,NA,NA,NA
2000-03-21,1.45,NA,NA,1.45,NA,NA,NA
2000-03-22,1.45,NA,NA,1.45,NA,NA,NA
2000-03-23,1.45,NA,NA,1.45,NA,NA,NA
2000-03-24,1.45,NA,NA,1.45,NA,NA,NA
2000-03-27,1.45,NA,NA,1.45,NA,NA,NA
2000-03-28,1.45,NA,NA,1.45,NA,NA,NA
2000-03-29,1.45,NA,NA,1.45,NA,NA,NA
2000-03-30,1.45,NA,NA,1.45,NA,NA,NA
2000-03-31,1.45,NA,NA,1.45,NA,NA,NA
2000-04-03,1.45,NA,NA,1.45,NA,NA,NA
2000-04-04,1.45,NA,NA,1.45,NA,NA,NA
2000-04-05,1.45,NA,NA,1.45,NA,NA,NA
2000-04-06,1.45,NA,NA,1.45,NA,NA,NA
2000-04-07,1.45,NA,NA,1.45,NA,NA,NA
2000-04-10,1.45,NA,NA,1.45,NA,NA,NA
2000-04-11,1.45,NA,NA,1.45,NA,NA,NA
2000-04-12,1.45,NA,NA,1.45,NA,NA,NA
2000-04-13,1.45,NA,NA,1.45,NA,NA,NA
2000-04-14,1.45,NA,NA,1.45,NA,NA,NA
2000-04-17,1.45,NA,NA,1.45,NA,NA,NA
2000-04-18,1.45,NA,NA,1.45,NA,NA,NA
2000-04-19,1.45,NA,NA,1.45,NA,NA,NA
2000-04-20,1.45,NA,NA,1.45,NA,NA,NA
2000-04-25,1.45,NA,NA,1.45,NA,NA,NA
2000-04-26,1.45,NA,NA,1.45,NA,NA,NA
2000-04-27,1.45,NA,NA,1.45,NA,NA,NA
2000-04-28,1.45,NA,NA,1.45,NA,NA,NA
2000-05-02,1.45,NA,NA,1.45,NA,NA,NA
2000-05-03,1.45,NA,NA,1.45,NA,NA,NA
2000-05-04,1.45,NA,NA,1.45,NA,NA,NA
2000-05-05,1.45,NA,NA,1.45,NA,NA,NA
2000-05-08,1.45,NA,NA,1.45,NA,NA,NA
2000-05-09,1.45,NA,NA,1.45,NA,NA,NA
2000-05-10,1.45,NA,NA,1.45,NA,NA,NA
2000-05-11,1.45,NA,NA,1.45,NA,NA,NA
2000-05-12,1.45,NA,NA,1.45,NA,NA,NA
2000-05-15,1.45,NA,NA,1.45,NA,NA,NA
2000-05-16,1.45,NA,NA,1.45,NA,NA,NA
2000-05-17,1.45,NA,NA,1.45,NA,NA,NA
2000-05-18,1.45,NA,NA,1.45,NA,NA,NA
2000-05-19,1.45,NA,NA,1.45,NA,NA,NA
2000-05-22,1.45,NA,NA,1.45,NA,NA,NA
2000-05-23,1.45,NA,NA,1.45,NA,NA,NA
2000-05-24,1.45,NA,NA,1.45,NA,NA,NA
2000-05-25,1.45,NA,NA,1.45,NA,NA,NA
2000-05-26,1.45,NA,NA,1.45,NA,NA,NA
2000-05-30,1.45,NA,NA,1.45,NA,NA,NA
2000-05-31,1.45,NA,NA,1.45,NA,NA,NA
2000-06-01,1.45,NA,NA,1.45,NA,NA,NA
2000-06-02,1.45,NA,NA,1.45,NA,NA,NA
2000-06-05,1.45,NA,NA,1.45,NA,NA,NA
2000-06-06,1.45,NA,NA,1.45,NA,NA,NA
2000-06-07,1.45,NA,NA,1.45,NA,NA,NA
2000-06-08,1.45,NA,NA,1.45,NA,NA,NA
2000-06-09,1.45,NA,NA,1.45,NA,NA,NA
2000-06-12,1.45,NA,NA,1.45,NA,NA,NA
2000-06-13,1.45,NA,NA,1.45,NA,NA,NA
2000-06-15,1.45,NA,NA,1.45,NA,NA,NA
2000-06-16,1.45,NA,NA,1.45,NA,NA,NA
2000-06-19,1.45,NA,NA,1.45,NA,NA,NA
2000-06-20,1.45,NA,NA,1.45,NA,NA,NA
2000-06-21,1.45,NA,NA,1.45,NA,NA,NA
2000-06-22,1.45,NA,NA,1.45,NA,NA,NA
2000-06-23,1.45,NA,NA,1.45,NA,NA,NA
2000-06-26,1.45,NA,NA,1.45,NA,NA,NA
2000-06-27,1.45,NA,NA,1.45,NA,NA,NA
2000-06-28,1.45,NA,NA,1.45,NA,NA,NA
2000-06-29,1.45,NA,NA,1.45,NA,NA,NA
2000-06-30,1.45,NA,NA,1.45,NA,NA,NA
2000-07-03,1.45,NA,NA,1.45,NA,NA,NA
2000-07-04,1.45,NA,NA,1.45,NA,NA,NA
2000-07-05,1.45,NA,NA,1.45,NA,NA,NA
2000-07-06,1.45,NA,NA,1.45,NA,NA,NA
2000-07-07,1.45,NA,NA,1.45,NA,NA,NA
2000-07-10,1.45,NA,NA,1.45,NA,NA,NA
2000-07-11,1.45,NA,NA,1.45,NA,NA,NA
2000-07-12,1.45,NA,NA,1.45,NA,NA,NA
2000-07-13,1.45,NA,NA,1.45,NA,NA,NA
2000-07-14,1.45,NA,NA,1.45,NA,NA,NA
2000-07-17,1.45,NA,NA,1.45,NA,NA,NA
2000-07-18,1.45,NA,NA,1.45,NA,NA,NA
2000-07-19,1.45,NA,NA,1.45,NA,NA,NA
2000-07-20,1.45,NA,NA,1.45,NA,NA,NA
2000-07-21,1.45,NA,NA,1.45,NA,NA,NA
2000-07-24,1.45,NA,NA,1.45,NA,NA,NA
2000-07-25,1.45,NA,NA,1.45,NA,NA,NA
2000-07-26,1.45,NA,NA,1.45,NA,NA,NA
2000-07-27,1.45,NA,NA,1.45,NA,NA,NA
2000-07-28,1.45,NA,NA,1.45,NA,NA,NA
2000-07-31,1.45,NA,NA,1.45,NA,NA,NA
2000-08-01,1.45,NA,NA,1.45,NA,NA,NA
2000-08-02,1.45,NA,NA,1.45,NA,NA,NA
2000-08-03,1.45,NA,NA,1.45,NA,NA,NA
2000-08-04,1.45,NA,NA,1.45,NA,NA,NA
2000-08-07,1.45,NA,NA,1.45,NA,NA,NA
2000-08-08,1.45,NA,NA,1.45,NA,NA,NA
2000-08-09,1.45,NA,NA,1.45,NA,NA,NA
2000-08-10,1.45,NA,NA,1.45,NA,NA,NA
2000-08-11,1.45,NA,NA,1.45,NA,NA,NA
2000-08-14,1.45,NA,NA,1.45,NA,NA,NA
2000-08-15,1.45,NA,NA,1.45,NA,NA,NA
2000-08-16,1.45,NA,NA,1.45,NA,NA,NA
2000-08-17,1.45,NA,NA,1.45,NA,NA,NA
2000-08-18,1.45,NA,NA,1.45,NA,NA,NA
2000-08-21,1.45,NA,NA,1.45,NA,NA,NA
2000-08-22,1.45,NA,NA,1.45,NA,NA,NA
2000-08-23,1.45,NA,NA,1.45,NA,NA,NA
2000-08-24,1.45,NA,NA,1.45,NA,NA,NA
2000-08-25,1.45,NA,NA,1.45,NA,NA,NA
2000-08-28,1.45,NA,NA,1.45,NA,NA,NA
2000-08-29,1.45,NA,NA,1.45,NA,NA,NA
2000-08-30,1.45,NA,NA,1.45,NA,NA,NA
2000-08-31,1.45,NA,NA,1.45,NA,NA,NA
2000-09-01,1.45,NA,NA,1.45,NA,NA,NA
2000-09-04,1.45,NA,NA,1.45,NA,NA,NA
2000-09-05,1.45,NA,NA,1.45,NA,NA,NA
2000-09-06,1.45,NA,NA,1.45,NA,NA,NA
2000-09-07,1.45,NA,NA,1.45,NA,NA,NA
2000-09-08,1.45,NA,NA,1.45,NA,NA,NA
2000-09-11,1.45,NA,NA,1.45,NA,NA,NA
2000-09-12,1.45,NA,NA,1.45,NA,NA,NA
2000-09-13,1.45,NA,NA,1.45,NA,NA,NA
2000-09-14,1.45,NA,NA,1.45,NA,NA,NA
2000-09-15,1.45,NA,NA,1.45,NA,NA,NA
2000-09-18,1.45,NA,NA,1.45,NA,NA,NA
2000-09-19,1.45,NA,NA,1.45,NA,NA,NA
2000-09-20,1.45,NA,NA,1.45,NA,NA,NA
2000-09-21,1.45,NA,NA,1.45,NA,NA,NA
2000-09-22,1.45,NA,NA,1.45,NA,NA,NA
2000-09-25,1.45,NA,NA,1.45,NA,NA,NA
2000-09-26,1.45,NA,NA,1.45,NA,NA,NA
2000-09-27,1.45,NA,NA,1.45,NA,NA,NA
2000-09-28,1.45,NA,NA,1.45,NA,NA,NA
2000-09-29,1.45,NA,NA,1.45,NA,NA,NA
2000-10-02,1.45,NA,NA,1.45,NA,NA,NA
2000-10-03,1.45,NA,NA,1.45,NA,NA,NA
2000-10-04,1.45,NA,NA,1.45,NA,NA,NA
2000-10-05,1.45,NA,NA,1.45,NA,NA,NA
2000-10-06,1.45,NA,NA,1.45,NA,NA,NA
2000-10-09,1.45,NA,NA,1.45,NA,NA,NA
2000-10-10,1.45,NA,NA,1.45,NA,NA,NA
2000-10-11,1.45,NA,NA,1.45,NA,NA,NA
2000-10-12,1.45,NA,NA,1.45,NA,NA,NA
2000-10-13,1.45,NA,NA,1.45,NA,NA,NA
2000-10-16,1.45,NA,NA,1.45,NA,NA,NA
2000-10-17,1.45,NA,NA,1.45,NA,NA,NA
2000-10-18,1.45,NA,NA,1.45,NA,NA,NA
2000-10-19,1.45,NA,NA,1.45,NA,NA,NA
2000-10-20,1.45,NA,NA,1.45,NA,NA,NA
2000-10-23,1.45,NA,NA,1.45,NA,NA,NA
2000-10-24,1.45,NA,NA,1.45,NA,NA,NA
2000-10-25,1.45,NA,NA,1.45,NA,NA,NA
2000-10-26,1.45,NA,NA,1.45,NA,NA,NA
2000-10-27,1.45,NA,NA,1.45,NA,NA,NA
2000-10-30,1.45,NA,NA,1.45,NA,NA,NA
2000-10-31,1.45,NA,NA,1.45,NA,NA,NA
2000-11-01,1.45,NA,NA,1.45,NA,NA,NA
2000-11-02,1.45,NA,NA,1.45,NA,NA,NA
2000-11-03,1.45,NA,NA,1.45,NA,NA,NA
2000-11-06,1.45,NA,NA,1.45,NA,NA,NA
2000-11-07,1.45,NA,NA,1.45,NA,NA,NA
2000-11-08,1.45,NA,NA,1.45,NA,NA,NA
2000-11-09,1.45,NA,NA,1.45,NA,NA,NA
2000-11-10,1.45,NA,NA,1.45,NA,NA,NA
2000-11-13,1.45,NA,NA,1.45,NA,NA,NA
2000-11-14,1.45,NA,NA,1.45,NA,NA,NA
2000-11-15,1.45,NA,NA,1.45,NA,NA,NA
2000-11-16,1.45,NA,NA,1.45,NA,NA,NA
2000-11-17,1.45,NA,NA,1.45,NA,NA,NA
2000-11-20,1.45,NA,NA,1.45,NA,NA,NA
2000-11-21,1.45,NA,NA,1.45,NA,NA,NA
2000-11-22,1.45,NA,NA,1.45,NA,NA,NA
2000-11-23,1.45,NA,NA,1.45,NA,NA,NA
2000-11-24,1.45,NA,NA,1.45,NA,NA,NA
2000-11-27,1.45,NA,NA,1.45,NA,NA,NA
2000-11-28,1.45,NA,NA,1.45,NA,NA,NA
2000-11-29,1.45,NA,NA,1.45,NA,NA,NA
2000-11-30,1.45,NA,NA,1.45,NA,NA,NA
2000-12-01,1.45,NA,NA,1.45,NA,NA,NA
2000-12-04,1.45,NA,NA,1.45,NA,NA,NA
2000-12-05,1.45,NA,NA,1.45,NA,NA,NA
2000-12-06,1.45,NA,NA,1.45,NA,NA,NA
2000-12-07,1.45,NA,NA,1.45,NA,NA,NA
2000-12-08,1.45,NA,NA,1.45,NA,NA,NA
2000-12-11,1.45,NA,NA,1.45,NA,NA,NA
2000-12-12,1.45,NA,NA,1.45,NA,NA,NA
2000-12-13,1.45,NA,NA,1.45,NA,NA,NA
2000-12-14,1.45,NA,NA,1.45,NA,NA,NA
2000-12-15,1.45,NA,NA,1.45,NA,NA,NA
2000-12-18,1.45,NA,NA,1.45,NA,NA,NA
2000-12-19,1.45,NA,NA,1.45,NA,NA,NA
2000-12-20,1.45,NA,NA,1.45,NA,NA,NA
2000-12-21,1.45,NA,NA,1.45,NA,NA,NA
2000-12-22,1.45,NA,NA,1.45,NA,NA,NA
2000-12-27,1.45,NA,NA,1.45,NA,NA,NA
2000-12-28,1.45,NA,NA,1.45,NA,NA,NA
2000-12-29,1.45,NA,NA,1.45,NA,NA,NA
2001-01-03,1.45,NA,NA,1.45,NA,NA,NA
2001-01-04,1.45,NA,NA,1.45,NA,NA,NA
2001-01-05,1.45,NA,NA,1.45,NA,NA,NA
2001-01-08,1.45,NA,NA,1.45,NA,NA,NA
2001-01-09,1.45,NA,NA,1.45,NA,NA,NA
2001-01-10,1.45,NA,NA,1.45,NA,NA,NA
2001-01-11,1.45,NA,NA,1.45,NA,NA,NA
2001-01-12,1.45,NA,NA,1.45,NA,NA,NA
2001-01-15,1.45,NA,NA,1.45,NA,NA,NA
2001-01-16,1.45,NA,NA,1.45,NA,NA,NA
2001-01-17,1.45,NA,NA,1.45,NA,NA,NA
2001-01-18,1.45,NA,NA,1.45,NA,NA,NA
2001-01-19,1.45,NA,NA,1.45,NA,NA,NA
2001-01-22,1.45,NA,NA,1.45,NA,NA,NA
2001-01-23,1.45,NA,NA,1.45,NA,NA,NA
2001-01-24,1.45,NA,NA,1.45,NA,NA,NA
2001-01-25,1.45,NA,NA,1.45,NA,NA,NA
2001-01-26,1.45,NA,NA,1.45,NA,NA,NA
2001-01-29,1.45,NA,NA,1.45,NA,NA,NA
2001-01-30,1.45,NA,NA,1.45,NA,NA,NA
2001-01-31,1.45,NA,NA,1.45,NA,NA,NA
2001-02-01,1.45,NA,NA,1.45,NA,NA,NA
2001-02-02,1.45,NA,NA,1.45,NA,NA,NA
2001-02-05,1.45,NA,NA,1.45,NA,NA,NA
2001-02-06,1.45,NA,NA,1.45,NA,NA,NA
2001-02-07,1.45,NA,NA,1.45,NA,NA,NA
2001-02-08,1.45,NA,NA,1.45,NA,NA,NA
2001-02-09,1.45,NA,NA,1.45,NA,NA,NA
2001-02-12,1.45,NA,NA,1.45,NA,NA,NA
2001-02-13,1.45,NA,NA,1.45,NA,NA,NA
2001-02-14,1.45,NA,NA,1.45,NA,NA,NA
2001-02-15,1.45,NA,NA,1.45,NA,NA,NA
2001-02-16,1.45,NA,NA,1.45,NA,NA,NA
2001-02-19,1.45,NA,NA,1.45,NA,NA,NA
2001-02-20,1.45,NA,NA,1.45,NA,NA,NA
2001-02-21,1.45,NA,NA,1.45,NA,NA,NA
2001-02-22,1.45,NA,NA,1.45,NA,NA,NA
2001-02-23,1.45,NA,NA,1.45,NA,NA,NA
2001-02-26,1.45,NA,NA,1.45,NA,NA,NA
2001-02-27,1.45,NA,NA,1.45,NA,NA,NA
2001-02-28,1.45,NA,NA,1.45,NA,NA,NA
2001-03-01,1.45,NA,NA,1.45,NA,NA,NA
2001-03-02,1.45,NA,NA,1.45,NA,NA,NA
2001-03-06,1.45,NA,NA,1.45,NA,NA,NA
2001-03-07,1.45,NA,NA,1.45,NA,NA,NA
2001-03-08,1.45,NA,NA,1.45,NA,NA,NA
2001-03-09,1.45,NA,NA,1.45,NA,NA,NA
2001-03-12,1.45,NA,NA,1.45,NA,NA,NA
2001-03-13,1.45,NA,NA,1.45,NA,NA,NA
2001-03-14,1.45,NA,NA,1.45,NA,NA,NA
2001-03-15,1.45,NA,NA,1.45,NA,NA,NA
2001-03-16,1.45,NA,NA,1.45,NA,NA,NA
2001-03-19,1.45,NA,NA,1.45,NA,NA,NA
2001-03-20,1.45,NA,NA,1.45,NA,NA,NA
2001-03-21,1.45,NA,NA,1.45,NA,NA,NA
2001-03-22,1.45,NA,NA,1.45,NA,NA,NA
2001-03-23,1.45,NA,NA,1.45,NA,NA,NA
2001-03-26,1.45,NA,NA,1.45,NA,NA,NA
2001-03-27,1.45,NA,NA,1.45,NA,NA,NA
2001-03-28,1.45,NA,NA,1.45,NA,NA,NA
2001-03-29,1.45,NA,NA,1.45,NA,NA,NA
2001-03-30,1.45,NA,NA,1.45,NA,NA,NA
2001-04-02,1.45,NA,NA,1.45,NA,NA,NA
2001-04-03,1.45,NA,NA,1.45,NA,NA,NA
2001-04-04,1.45,NA,NA,1.45,NA,NA,NA
2001-04-05,1.45,NA,NA,1.45,NA,NA,NA
2001-04-06,1.45,NA,NA,1.45,NA,NA,NA
2001-04-09,1.45,NA,NA,1.45,NA,NA,NA
2001-04-10,1.45,NA,NA,1.45,NA,NA,NA
2001-04-11,1.45,NA,NA,1.45,NA,NA,NA
2001-04-12,1.45,NA,NA,1.45,NA,NA,NA
2001-04-17,1.45,NA,NA,1.45,NA,NA,NA
2001-04-18,1.45,NA,NA,1.45,NA,NA,NA
2001-04-19,1.45,NA,NA,1.45,NA,NA,NA
2001-04-20,1.45,NA,NA,1.45,NA,NA,NA
2001-04-23,1.45,NA,NA,1.45,NA,NA,NA
2001-04-24,1.45,NA,NA,1.45,NA,NA,NA
2001-04-25,1.45,NA,NA,1.45,NA,NA,NA
2001-04-26,1.45,NA,NA,1.45,NA,NA,NA
2001-04-27,1.45,NA,NA,1.45,NA,NA,NA
2001-04-30,1.45,NA,NA,1.45,NA,NA,NA
2001-05-02,1.45,NA,NA,1.45,NA,NA,NA
2001-05-03,1.45,NA,NA,1.45,NA,NA,NA
2001-05-04,1.45,NA,NA,1.45,NA,NA,NA
2001-05-07,1.45,NA,NA,1.45,NA,NA,NA
2001-05-08,1.45,NA,NA,1.45,NA,NA,NA
2001-05-09,1.45,NA,NA,1.45,NA,NA,NA
2001-05-10,1.45,NA,NA,1.45,NA,NA,NA
2001-05-11,1.45,NA,NA,1.45,NA,NA,NA
2001-05-14,1.45,NA,NA,1.45,NA,NA,NA
2001-05-15,1.45,NA,NA,1.45,NA,NA,NA
2001-05-16,1.45,NA,NA,1.45,NA,NA,NA
2001-05-17,1.45,NA,NA,1.45,NA,NA,NA
2001-05-18,1.45,NA,NA,1.45,NA,NA,NA
2001-05-21,1.45,NA,NA,1.45,NA,NA,NA
2001-05-22,1.45,NA,NA,1.45,NA,NA,NA
2001-05-23,1.45,NA,NA,1.45,NA,NA,NA
2001-05-24,1.45,NA,NA,1.45,NA,NA,NA
2001-05-25,1.45,NA,NA,1.45,NA,NA,NA
2001-05-28,1.45,NA,NA,1.45,NA,NA,NA
2001-05-30,1.45,NA,NA,1.45,NA,NA,NA
2001-05-31,1.45,NA,NA,1.45,NA,NA,NA
2001-06-01,1.45,NA,NA,1.45,NA,NA,NA
2001-06-05,1.45,NA,NA,1.45,NA,NA,NA
2001-06-06,1.45,NA,NA,1.45,NA,NA,NA
2001-06-07,1.45,NA,NA,1.45,NA,NA,NA
2001-06-08,1.45,NA,NA,1.45,NA,NA,NA
2001-06-11,1.45,NA,NA,1.45,NA,NA,NA
2001-06-12,1.45,NA,NA,1.45,NA,NA,NA
2001-06-13,1.45,NA,NA,1.45,NA,NA,NA
2001-06-14,1.45,NA,NA,1.45,NA,NA,NA
2001-06-15,1.45,NA,NA,1.45,NA,NA,NA
2001-06-18,1.45,NA,NA,1.45,NA,NA,NA
2001-06-19,1.45,NA,NA,1.45,NA,NA,NA
2001-06-20,1.45,NA,NA,1.45,NA,NA,NA
2001-06-21,1.45,NA,NA,1.45,NA,NA,NA
2001-06-22,1.45,NA,NA,1.45,NA,NA,NA
2001-06-25,1.45,NA,NA,1.45,NA,NA,NA
2001-06-26,1.45,NA,NA,1.45,NA,NA,NA
2001-06-27,1.45,NA,NA,1.45,NA,NA,NA
2001-06-28,1.45,NA,NA,1.45,NA,NA,NA
2001-06-29,1.45,NA,NA,1.45,NA,NA,NA
2001-07-02,1.45,NA,NA,1.45,NA,NA,NA
2001-07-03,1.45,NA,NA,1.45,NA,NA,NA
2001-07-04,1.45,NA,NA,1.45,NA,NA,NA
2001-07-05,1.45,NA,NA,1.45,NA,NA,NA
2001-07-06,1.45,NA,NA,1.45,NA,NA,NA
2001-07-09,1.45,NA,NA,1.45,NA,NA,NA
2001-07-10,1.45,NA,NA,1.45,NA,NA,NA
2001-07-11,1.45,NA,NA,1.45,NA,NA,NA
2001-07-12,1.45,NA,NA,1.45,NA,NA,NA
2001-07-13,1.45,NA,NA,1.45,NA,NA,NA
2001-07-16,1.45,NA,NA,1.45,NA,NA,NA
2001-07-17,1.45,NA,NA,1.45,NA,NA,NA
2001-07-18,1.45,NA,NA,1.45,NA,NA,NA
2001-07-19,1.45,NA,NA,1.45,NA,NA,NA
2001-07-20,1.45,NA,NA,1.45,NA,NA,NA
2001-07-23,1.45,NA,NA,1.45,NA,NA,NA
2001-07-24,1.45,NA,NA,1.45,NA,NA,NA
2001-07-25,1.45,NA,NA,1.45,NA,NA,NA
2001-07-26,1.45,NA,NA,1.45,NA,NA,NA
2001-07-27,1.45,NA,NA,1.45,NA,NA,NA
2001-07-30,1.45,NA,NA,1.45,NA,NA,NA
2001-07-31,1.45,NA,NA,1.45,NA,NA,NA
2001-08-01,1.45,NA,NA,1.45,NA,NA,NA
2001-08-02,1.45,NA,NA,1.45,NA,NA,NA
2001-08-03,1.45,NA,NA,1.45,NA,NA,NA
2001-08-06,1.45,NA,NA,1.45,NA,NA,NA
2001-08-07,1.45,NA,NA,1.45,NA,NA,NA
2001-08-08,1.45,NA,NA,1.45,NA,NA,NA
2001-08-09,1.45,NA,NA,1.45,NA,NA,NA
2001-08-10,1.45,NA,NA,1.45,NA,NA,NA
2001-08-13,1.45,NA,NA,1.45,NA,NA,NA
2001-08-14,1.45,NA,NA,1.45,NA,NA,NA
2001-08-15,1.45,NA,NA,1.45,NA,NA,NA
2001-08-16,1.45,NA,NA,1.45,NA,NA,NA
2001-08-17,1.45,NA,NA,1.45,NA,NA,NA
2001-08-20,1.45,NA,NA,1.45,NA,NA,NA
2001-08-21,1.45,NA,NA,1.45,NA,NA,NA
2001-08-22,1.45,NA,NA,1.45,NA,NA,NA
2001-08-23,1.45,NA,NA,1.45,NA,NA,NA
2001-08-24,1.45,NA,NA,1.45,NA,NA,NA
2001-08-27,1.45,NA,NA,1.45,NA,NA,NA
2001-08-28,1.45,NA,NA,1.45,NA,NA,NA
2001-08-29,1.45,NA,NA,1.45,NA,NA,NA
2001-08-30,1.45,NA,NA,1.45,NA,NA,NA
2001-08-31,1.45,NA,NA,1.45,NA,NA,NA
2001-09-03,1.45,NA,NA,1.45,NA,NA,NA
2001-09-04,1.45,NA,NA,1.45,NA,NA,NA
2001-09-05,1.45,NA,NA,1.45,NA,NA,NA
2001-09-06,1.45,NA,NA,1.45,NA,NA,NA
2001-09-07,1.45,NA,NA,1.45,NA,NA,NA
2001-09-10,1.45,NA,NA,1.45,NA,NA,NA
2001-09-11,1.45,NA,NA,1.45,NA,NA,NA
2001-09-12,1.45,NA,NA,1.45,NA,NA,NA
2001-09-13,1.45,NA,NA,1.45,NA,NA,NA
2001-09-14,1.45,NA,NA,1.45,NA,NA,NA
2001-09-17,1.45,NA,NA,1.45,NA,NA,NA
2001-09-18,1.45,NA,NA,1.45,NA,NA,NA
2001-09-19,1.45,NA,NA,1.45,NA,NA,NA
2001-09-20,1.45,NA,NA,1.45,NA,NA,NA
2001-09-21,1.45,NA,NA,1.45,NA,NA,NA
2001-09-24,1.45,NA,NA,1.45,NA,NA,NA
2001-09-25,1.45,NA,NA,1.45,NA,NA,NA
2001-09-26,1.45,NA,NA,1.45,NA,NA,NA
2001-09-27,1.45,NA,NA,1.45,NA,NA,NA
2001-09-28,1.45,NA,NA,1.45,NA,NA,NA
2001-10-02,1.45,NA,NA,1.45,NA,NA,NA
2001-10-03,1.45,NA,NA,1.45,NA,NA,NA
2001-10-04,1.45,NA,NA,1.45,NA,NA,NA
2001-10-05,1.45,NA,NA,1.45,NA,NA,NA
2001-10-08,1.45,NA,NA,1.45,NA,NA,NA
2001-10-09,1.45,NA,NA,1.45,NA,NA,NA
2001-10-10,1.45,NA,NA,1.45,NA,NA,NA
2001-10-11,1.45,NA,NA,1.45,NA,NA,NA
2001-10-12,1.45,NA,NA,1.45,NA,NA,NA
2001-10-15,1.45,NA,NA,1.45,NA,NA,NA
2001-10-16,1.45,NA,NA,1.45,NA,NA,NA
2001-10-17,1.45,NA,NA,1.45,NA,NA,NA
2001-10-18,1.45,NA,NA,1.45,NA,NA,NA
2001-10-19,1.45,NA,NA,1.45,NA,NA,NA
2001-10-22,1.45,NA,NA,1.45,NA,NA,NA
2001-10-23,1.45,NA,NA,1.45,NA,NA,NA
2001-10-24,1.45,NA,NA,1.45,NA,NA,NA
2001-10-25,1.45,NA,NA,1.45,NA,NA,NA
2001-10-26,1.45,NA,NA,1.45,NA,NA,NA
2001-10-29,1.45,NA,NA,1.45,NA,NA,NA
2001-10-30,1.45,NA,NA,1.45,NA,NA,NA
2001-10-31,1.45,NA,NA,1.45,NA,NA,NA
2001-11-01,1.45,NA,NA,1.45,NA,NA,NA
2001-11-02,1.45,NA,NA,1.45,NA,NA,NA
2001-11-05,1.45,NA,NA,1.45,NA,NA,NA
2001-11-06,1.45,NA,NA,1.45,NA,NA,NA
2001-11-07,1.45,NA,NA,1.45,NA,NA,NA
2001-11-08,1.45,NA,NA,1.45,NA,NA,NA
2001-11-09,1.45,NA,NA,1.45,NA,NA,NA
2001-11-12,1.45,NA,NA,1.45,NA,NA,NA
2001-11-13,1.45,NA,NA,1.45,NA,NA,NA
2001-11-14,1.45,NA,NA,1.45,NA,NA,NA
2001-11-15,1.45,NA,NA,1.45,NA,NA,NA
2001-11-16,1.45,NA,NA,1.45,NA,NA,NA
2001-11-19,1.45,NA,NA,1.45,NA,NA,NA
2001-11-20,1.45,NA,NA,1.45,NA,NA,NA
2001-11-21,1.45,NA,NA,1.45,NA,NA,NA
2001-11-22,1.45,NA,NA,1.45,NA,NA,NA
2001-11-23,1.45,NA,NA,1.45,NA,NA,NA
2001-11-26,1.45,NA,NA,1.45,NA,NA,NA
2001-11-27,1.45,NA,NA,1.45,NA,NA,NA
2001-11-28,1.45,NA,NA,1.45,NA,NA,NA
2001-11-29,1.45,NA,NA,1.45,NA,NA,NA
2001-11-30,1.45,NA,NA,1.45,NA,NA,NA
2001-12-03,1.45,NA,NA,1.45,NA,NA,NA
2001-12-04,1.45,NA,NA,1.45,NA,NA,NA
2001-12-05,1.45,NA,NA,1.45,NA,NA,NA
2001-12-06,1.45,NA,NA,1.45,NA,NA,NA
2001-12-07,1.45,NA,NA,1.45,NA,NA,NA
2001-12-10,1.45,NA,NA,1.45,NA,NA,NA
2001-12-11,1.45,NA,NA,1.45,NA,NA,NA
2001-12-12,1.45,NA,NA,1.45,NA,NA,NA
2001-12-13,1.45,NA,NA,1.45,NA,NA,NA
2001-12-14,1.45,NA,NA,1.45,NA,NA,NA
2001-12-18,1.45,NA,NA,1.45,NA,NA,NA
2001-12-19,1.45,NA,NA,1.45,NA,NA,NA
2001-12-20,1.45,NA,NA,1.45,NA,NA,NA
2001-12-21,1.45,NA,NA,1.45,NA,NA,NA
2001-12-21,1.45,NA,NA,1.45,NA,NA,NA
2001-12-24,1.45,NA,NA,1.45,NA,NA,NA
2001-12-27,1.45,NA,NA,1.45,NA,NA,NA
2001-12-28,1.45,NA,NA,1.45,NA,NA,NA
2001-12-31,1.45,NA,NA,1.45,NA,NA,NA
2002-01-04,1.45,NA,NA,1.45,NA,NA,NA
2002-01-07,1.45,NA,NA,1.45,NA,NA,NA
2002-01-08,1.45,NA,NA,1.45,NA,NA,NA
2002-01-09,1.45,NA,NA,1.45,NA,NA,NA
2002-01-10,1.45,NA,NA,1.45,NA,NA,NA
2002-01-11,1.45,NA,NA,1.45,NA,NA,NA
2002-01-14,1.45,NA,NA,1.45,NA,NA,NA
2002-01-15,1.45,NA,NA,1.45,NA,NA,NA
2002-01-16,1.45,NA,NA,1.45,NA,NA,NA
2002-01-17,1.45,NA,NA,1.45,NA,NA,NA
2002-01-18,1.45,NA,NA,1.45,NA,NA,NA
2002-01-21,1.45,NA,NA,1.45,NA,NA,NA
2002-01-22,1.45,NA,NA,1.45,NA,NA,NA
2002-01-23,1.45,NA,NA,1.45,NA,NA,NA
2002-01-24,1.45,NA,NA,1.45,NA,NA,NA
2002-01-25,1.45,NA,NA,1.45,NA,NA,NA
2002-01-28,1.45,NA,NA,1.45,NA,NA,NA
2002-01-29,1.45,NA,NA,1.45,NA,NA,NA
2002-01-30,1.45,NA,NA,1.45,NA,NA,NA
2002-01-31,1.45,NA,NA,1.45,NA,NA,NA
2002-02-01,1.45,NA,NA,1.45,NA,NA,NA
2002-02-04,1.45,NA,NA,1.45,NA,NA,NA
2002-02-05,1.45,NA,NA,1.45,NA,NA,NA
2002-02-06,1.45,NA,NA,1.45,NA,NA,NA
2002-02-07,1.45,NA,NA,1.45,NA,NA,NA
2002-02-08,1.45,NA,NA,1.45,NA,NA,NA
2002-02-11,1.45,NA,NA,1.45,NA,NA,NA
2002-02-12,1.45,NA,NA,1.45,NA,NA,NA
2002-02-13,1.45,NA,NA,1.45,NA,NA,NA
2002-02-14,1.45,NA,NA,1.45,NA,NA,NA
2002-02-15,1.45,NA,NA,1.45,NA,NA,NA
2002-02-18,1.45,NA,NA,1.45,NA,NA,NA
2002-02-19,1.45,NA,NA,1.45,NA,NA,NA
2002-02-20,1.45,NA,NA,1.45,NA,NA,NA
2002-02-21,1.45,NA,NA,1.45,NA,NA,NA
2002-02-25,1.45,NA,NA,1.45,NA,NA,NA
2002-02-26,1.45,NA,NA,1.45,NA,NA,NA
2002-02-27,1.45,NA,NA,1.45,NA,NA,NA
2002-02-28,1.45,NA,NA,1.45,NA,NA,NA
2002-03-01,1.45,NA,NA,1.45,NA,NA,NA
2002-03-04,1.45,NA,NA,1.45,NA,NA,NA
2002-03-05,1.45,NA,NA,1.45,NA,NA,NA
2002-03-06,1.45,NA,NA,1.45,NA,NA,NA
2002-03-07,1.45,NA,NA,1.45,NA,NA,NA
2002-03-08,1.45,NA,NA,1.45,NA,NA,NA
2002-03-11,1.45,NA,NA,1.45,NA,NA,NA
2002-03-12,1.45,NA,NA,1.45,NA,NA,NA
2002-03-13,1.45,NA,NA,1.45,NA,NA,NA
2002-03-14,1.45,NA,NA,1.45,NA,NA,NA
2002-03-15,1.45,NA,NA,1.45,NA,NA,NA
2002-03-18,1.45,NA,NA,1.45,NA,NA,NA
2002-03-19,1.45,NA,NA,1.45,NA,NA,NA
2002-03-20,1.45,NA,NA,1.45,NA,NA,NA
2002-03-21,1.45,NA,NA,1.45,NA,NA,NA
2002-03-22,1.45,NA,NA,1.45,NA,NA,NA
2002-03-25,1.45,NA,NA,1.45,NA,NA,NA
2002-03-26,1.45,NA,NA,1.45,NA,NA,NA
2002-03-27,1.45,NA,NA,1.45,NA,NA,NA
2002-03-28,1.45,NA,NA,1.45,NA,NA,NA
2002-04-02,1.45,NA,NA,1.45,NA,NA,NA
2002-04-03,1.45,NA,NA,1.45,NA,NA,NA
2002-04-04,1.45,NA,NA,1.45,NA,NA,NA
2002-04-05,1.45,NA,NA,1.45,NA,NA,NA
2002-04-08,1.45,NA,NA,1.45,NA,NA,NA
2002-04-09,1.45,NA,NA,1.45,NA,NA,NA
2002-04-10,1.45,NA,NA,1.45,NA,NA,NA
2002-04-11,1.45,NA,NA,1.45,NA,NA,NA
2002-04-12,1.45,NA,NA,1.45,NA,NA,NA
2002-04-15,1.45,NA,NA,1.45,NA,NA,NA
2002-04-16,1.45,NA,NA,1.45,NA,NA,NA
2002-04-17,1.45,NA,NA,1.45,NA,NA,NA
2002-04-18,1.45,NA,NA,1.45,NA,NA,NA
2002-04-19,1.45,NA,NA,1.45,NA,NA,NA
2002-04-22,1.45,NA,NA,1.45,NA,NA,NA
2002-04-23,1.45,NA,NA,1.45,NA,NA,NA
2002-04-24,1.45,NA,NA,1.45,NA,NA,NA
2002-04-25,1.45,NA,NA,1.45,NA,NA,NA
2002-04-26,1.45,NA,NA,1.45,NA,NA,NA
2002-04-29,1.45,NA,NA,1.45,NA,NA,NA
2002-04-30,1.45,NA,NA,1.45,NA,NA,NA
2002-05-02,1.45,NA,NA,1.45,NA,NA,NA
2002-05-03,1.45,NA,NA,1.45,NA,NA,NA
2002-05-06,1.45,NA,NA,1.45,NA,NA,NA
2002-05-07,1.45,NA,NA,1.45,NA,NA,NA
2002-05-08,1.45,NA,NA,1.45,NA,NA,NA
2002-05-09,1.45,NA,NA,1.45,NA,NA,NA
2002-05-10,1.45,NA,NA,1.45,NA,NA,NA
2002-05-13,1.45,NA,NA,1.45,NA,NA,NA
2002-05-14,1.45,NA,NA,1.45,NA,NA,NA
2002-05-15,1.45,NA,NA,1.45,NA,NA,NA
2002-05-16,1.45,NA,NA,1.45,NA,NA,NA
2002-05-17,1.45,NA,NA,1.45,NA,NA,NA
2002-05-20,1.45,NA,NA,1.45,NA,NA,NA
2002-05-21,1.45,NA,NA,1.45,NA,NA,NA
2002-05-22,1.45,NA,NA,1.45,NA,NA,NA
2002-05-23,1.45,NA,NA,1.45,NA,NA,NA
2002-05-27,1.45,NA,NA,1.45,NA,NA,NA
2002-05-28,1.45,NA,NA,1.45,NA,NA,NA
2002-05-30,1.45,NA,NA,1.45,NA,NA,NA
2002-05-31,1.45,NA,NA,1.45,NA,NA,NA
2002-06-03,1.45,NA,NA,1.45,NA,NA,NA
2002-06-04,1.45,NA,NA,1.45,NA,NA,NA
2002-06-05,1.45,NA,NA,1.45,NA,NA,NA
2002-06-06,1.45,NA,NA,1.45,NA,NA,NA
2002-06-07,1.45,NA,NA,1.45,NA,NA,NA
2002-06-10,1.45,NA,NA,1.45,NA,NA,NA
2002-06-11,1.45,NA,NA,1.45,NA,NA,NA
2002-06-12,1.45,NA,NA,1.45,NA,NA,NA
2002-06-13,1.45,NA,NA,1.45,NA,NA,NA
2002-06-14,1.45,NA,NA,1.45,NA,NA,NA
2002-06-17,1.45,NA,NA,1.45,NA,NA,NA
2002-06-18,1.45,NA,NA,1.45,NA,NA,NA
2002-06-19,1.45,NA,NA,1.45,NA,NA,NA
2002-06-20,1.45,NA,NA,1.45,NA,NA,NA
2002-06-21,1.45,NA,NA,1.45,NA,NA,NA
2002-06-24,1.45,NA,NA,1.45,NA,NA,NA
2002-06-25,1.45,NA,NA,1.45,NA,NA,NA
2002-06-26,1.45,NA,NA,1.45,NA,NA,NA
2002-06-27,1.45,NA,NA,1.45,NA,NA,NA
2002-06-28,1.45,NA,NA,1.45,NA,NA,NA
2002-07-01,1.45,NA,NA,1.45,NA,NA,NA
2002-07-02,1.45,NA,NA,1.45,NA,NA,NA
2002-07-03,1.45,NA,NA,1.45,NA,NA,NA
2002-07-04,1.45,NA,NA,1.45,NA,NA,NA
2002-07-05,1.45,NA,NA,1.45,NA,NA,NA
2002-07-08,1.45,NA,NA,1.45,NA,NA,NA
2002-07-09,1.45,NA,NA,1.45,NA,NA,NA
2002-07-10,1.45,NA,NA,1.45,NA,NA,NA
2002-07-11,1.45,NA,NA,1.45,NA,NA,NA
2002-07-12,1.45,NA,NA,1.45,NA,NA,NA
2002-07-15,1.45,NA,NA,1.45,NA,NA,NA
2002-07-16,1.45,NA,NA,1.45,NA,NA,NA
2002-07-17,1.45,NA,NA,1.45,NA,NA,NA
2002-07-18,1.45,NA,NA,1.45,NA,NA,NA
2002-07-19,1.45,NA,NA,1.45,NA,NA,NA
2002-07-22,1.45,NA,NA,1.45,NA,NA,NA
2002-07-23,1.45,NA,NA,1.45,NA,NA,NA
2002-07-24,1.45,NA,NA,1.45,NA,NA,NA
2002-07-25,1.45,NA,NA,1.45,NA,NA,NA
2002-07-26,1.45,NA,NA,1.45,NA,NA,NA
2002-07-29,1.45,NA,NA,1.45,NA,NA,NA
2002-07-30,1.45,NA,NA,1.45,NA,NA,NA
2002-07-31,1.45,NA,NA,1.45,NA,NA,NA
2002-08-01,1.45,NA,NA,1.45,NA,NA,NA
2002-08-02,1.45,NA,NA,1.45,NA,NA,NA
2002-08-05,1.45,NA,NA,1.45,NA,NA,NA
2002-08-06,1.45,NA,NA,1.45,NA,NA,NA
2002-08-07,1.45,NA,NA,1.45,NA,NA,NA
2002-08-08,1.45,NA,NA,1.45,NA,NA,NA
2002-08-09,1.45,NA,NA,1.45,NA,NA,NA
2002-08-12,1.45,NA,NA,1.45,NA,NA,NA
2002-08-13,1.45,NA,NA,1.45,NA,NA,NA
2002-08-14,1.45,NA,NA,1.45,NA,NA,NA
2002-08-15,1.45,NA,NA,1.45,NA,NA,NA
2002-08-16,1.45,NA,NA,1.45,NA,NA,NA
2002-08-19,1.45,NA,NA,1.45,NA,NA,NA
2002-08-20,1.45,NA,NA,1.45,NA,NA,NA
2002-08-21,1.45,NA,NA,1.45,NA,NA,NA
2002-08-22,1.45,NA,NA,1.45,NA,NA,NA
2002-08-23,1.45,NA,NA,1.45,NA,NA,NA
2002-08-26,1.45,NA,NA,1.45,NA,NA,NA
2002-08-27,1.45,NA,NA,1.45,NA,NA,NA
2002-08-28,1.45,NA,NA,1.45,NA,NA,NA
2002-08-29,1.45,NA,NA,1.45,NA,NA,NA
2002-08-30,1.45,NA,NA,1.45,NA,NA,NA
2002-09-02,1.45,NA,NA,1.45,NA,NA,NA
2002-09-03,1.45,NA,NA,1.45,NA,NA,NA
2002-09-04,1.45,NA,NA,1.45,NA,NA,NA
2002-09-05,1.45,NA,NA,1.45,NA,NA,NA
2002-09-06,1.45,NA,NA,1.45,NA,NA,NA
2002-09-09,1.45,NA,NA,1.45,NA,NA,NA
2002-09-10,1.45,NA,NA,1.45,NA,NA,NA
2002-09-11,1.45,NA,NA,1.45,NA,NA,NA
2002-09-12,1.45,NA,NA,1.45,NA,NA,NA
2002-09-13,1.45,NA,NA,1.45,NA,NA,NA
2002-09-16,1.45,NA,NA,1.45,NA,NA,NA
2002-09-17,1.45,NA,NA,1.45,NA,NA,NA
2002-09-18,1.45,NA,NA,1.45,NA,NA,NA
2002-09-19,1.45,NA,NA,1.45,NA,NA,NA
2002-09-20,1.45,NA,NA,1.45,NA,NA,NA
2002-09-23,1.45,NA,NA,1.45,NA,NA,NA
2002-09-24,1.45,NA,NA,1.45,NA,NA,NA
2002-09-25,1.45,NA,NA,1.45,NA,NA,NA
2002-09-26,1.45,NA,NA,1.45,NA,NA,NA
2002-09-27,1.45,NA,NA,1.45,NA,NA,NA
2002-09-30,1.45,NA,NA,1.45,NA,NA,NA
2002-10-02,1.45,NA,NA,1.45,NA,NA,NA
2002-10-03,1.45,NA,NA,1.45,NA,NA,NA
2002-10-04,1.45,NA,NA,1.45,NA,NA,NA
2002-10-07,1.45,NA,NA,1.45,NA,NA,NA
2002-10-08,1.45,NA,NA,1.45,NA,NA,NA
2002-10-09,1.45,NA,NA,1.45,NA,NA,NA
2002-10-10,1.45,NA,NA,1.45,NA,NA,NA
2002-10-11,1.45,NA,NA,1.45,NA,NA,NA
2002-10-14,1.45,NA,NA,1.45,NA,NA,NA
2002-10-15,1.45,NA,NA,1.45,NA,NA,NA
2002-10-16,1.45,NA,NA,1.45,NA,NA,NA
2002-10-17,1.45,NA,NA,1.45,NA,NA,NA
2002-10-18,1.45,NA,NA,1.45,NA,NA,NA
2002-10-21,1.45,NA,NA,1.45,NA,NA,NA
2002-10-22,1.45,NA,NA,1.45,NA,NA,NA
2002-10-23,1.45,NA,NA,1.45,NA,NA,NA
2002-10-24,1.45,NA,NA,1.45,NA,NA,NA
2002-10-25,1.45,NA,NA,1.45,NA,NA,NA
2002-10-28,1.45,NA,NA,1.45,NA,NA,NA
2002-10-29,1.45,NA,NA,1.45,NA,NA,NA
2002-10-30,1.45,NA,NA,1.45,NA,NA,NA
2002-10-31,1.45,NA,NA,1.45,NA,NA,NA
2002-11-01,1.45,NA,NA,1.45,NA,NA,NA
2002-11-04,1.45,NA,NA,1.45,NA,NA,NA
2002-11-05,1.45,NA,NA,1.45,NA,NA,NA
2002-11-06,1.45,NA,NA,1.45,NA,NA,NA
2002-11-07,1.45,NA,NA,1.45,NA,NA,NA
2002-11-08,1.45,NA,NA,1.45,NA,NA,NA
2002-11-11,1.45,NA,NA,1.45,NA,NA,NA
2002-11-12,1.45,NA,NA,1.45,NA,NA,NA
2002-11-13,1.45,NA,NA,1.45,NA,NA,NA
2002-11-14,1.45,NA,NA,1.45,NA,NA,NA
2002-11-15,1.45,NA,NA,1.45,NA,NA,NA
2002-11-18,1.45,NA,NA,1.45,NA,NA,NA
2002-11-19,1.45,NA,NA,1.45,NA,NA,NA
2002-11-20,1.45,NA,NA,1.45,NA,NA,NA
2002-11-21,1.45,NA,NA,1.45,NA,NA,NA
2002-11-22,1.45,NA,NA,1.45,NA,NA,NA
2002-11-25,1.45,NA,NA,1.45,NA,NA,NA
2002-11-26,1.45,NA,NA,1.45,NA,NA,NA
2002-11-27,1.45,NA,NA,1.45,NA,NA,NA
2002-11-28,1.45,NA,NA,1.45,NA,NA,NA
2002-11-28,1.45,NA,NA,1.45,NA,NA,NA
2002-12-02,1.45,NA,NA,1.45,NA,NA,NA
2002-12-03,1.45,NA,NA,1.45,NA,NA,NA
2002-12-06,1.45,NA,NA,1.45,NA,NA,NA
2002-12-09,1.45,NA,NA,1.45,NA,NA,NA
2002-12-10,1.45,NA,NA,1.45,NA,NA,NA
2002-12-11,1.45,NA,NA,1.45,NA,NA,NA
2002-12-12,1.45,NA,NA,1.45,NA,NA,NA
2002-12-13,1.45,NA,NA,1.45,NA,NA,NA
2002-12-16,1.45,NA,NA,1.45,NA,NA,NA
2002-12-17,1.45,NA,NA,1.45,NA,NA,NA
2002-12-18,1.45,NA,NA,1.45,NA,NA,NA
2002-12-19,1.45,NA,NA,1.45,NA,NA,NA
2002-12-20,1.45,NA,NA,1.45,NA,NA,NA
2002-12-23,1.45,NA,NA,1.45,NA,NA,NA
2002-12-24,1.45,NA,NA,1.45,NA,NA,NA
2002-12-27,1.45,NA,NA,1.45,NA,NA,NA
2002-12-30,1.45,NA,NA,1.45,NA,NA,NA
2002-12-31,1.45,NA,NA,1.45,NA,NA,NA
2003-01-06,1.45,NA,NA,1.45,NA,NA,NA
2003-01-07,1.45,NA,NA,1.45,NA,NA,NA
2003-01-08,1.45,NA,NA,1.45,NA,NA,NA
2003-01-09,1.45,NA,NA,1.45,NA,NA,NA
2003-01-10,1.45,NA,NA,1.45,NA,NA,NA
2003-01-13,1.45,NA,NA,1.45,NA,NA,NA
2003-01-14,1.45,NA,NA,1.45,NA,NA,NA
2003-01-15,1.45,NA,NA,1.45,NA,NA,NA
2003-01-16,1.45,NA,NA,1.45,NA,NA,NA
2003-01-17,1.45,NA,NA,1.45,NA,NA,NA
2003-01-20,1.45,NA,NA,1.45,NA,NA,NA
2003-01-21,1.45,NA,NA,1.45,NA,NA,NA
2003-01-22,1.45,NA,NA,1.45,NA,NA,NA
2003-01-23,1.45,NA,NA,1.45,NA,NA,NA
2003-01-24,1.45,NA,NA,1.45,NA,NA,NA
2003-01-27,1.45,NA,NA,1.45,NA,NA,NA
2003-01-28,1.45,NA,NA,1.45,NA,NA,NA
2003-01-29,1.45,NA,NA,1.45,NA,NA,NA
2003-01-30,1.45,NA,NA,1.45,NA,NA,NA
2003-01-31,1.45,NA,NA,1.45,NA,NA,NA
2003-02-03,1.45,NA,NA,1.45,NA,NA,NA
2003-02-04,1.45,NA,NA,1.45,NA,NA,NA
2003-02-05,1.45,NA,NA,1.45,NA,NA,NA
2003-02-06,1.45,NA,NA,1.45,NA,NA,NA
2003-02-07,1.45,NA,NA,1.45,NA,NA,NA
2003-02-10,1.45,NA,NA,1.45,NA,NA,NA
2003-02-13,1.45,NA,NA,1.45,NA,NA,NA
2003-02-14,1.45,NA,NA,1.45,NA,NA,NA
2003-02-17,1.45,NA,NA,1.45,NA,NA,NA
2003-02-18,1.45,NA,NA,1.45,NA,NA,NA
2003-02-19,1.45,NA,NA,1.45,NA,NA,NA
2003-02-20,1.45,NA,NA,1.45,NA,NA,NA
2003-02-21,1.45,NA,NA,1.45,NA,NA,NA
2003-02-24,1.45,NA,NA,1.45,NA,NA,NA
2003-02-25,1.45,NA,NA,1.45,NA,NA,NA
2003-02-26,1.45,NA,NA,1.45,NA,NA,NA
2003-02-27,1.45,NA,NA,1.45,NA,NA,NA
2003-02-28,1.45,NA,NA,1.45,NA,NA,NA
2003-03-03,1.45,NA,NA,1.45,NA,NA,NA
2003-03-04,1.45,NA,NA,1.45,NA,NA,NA
2003-03-05,1.45,NA,NA,1.45,NA,NA,NA
2003-03-06,1.45,NA,NA,1.45,NA,NA,NA
2003-03-07,1.45,NA,NA,1.45,NA,NA,NA
2003-03-10,1.45,NA,NA,1.45,NA,NA,NA
2003-03-11,1.45,NA,NA,1.45,NA,NA,NA
2003-03-12,1.45,NA,NA,1.45,NA,NA,NA
2003-03-13,1.45,NA,NA,1.45,NA,NA,NA
2003-03-14,1.45,NA,NA,1.45,NA,NA,NA
2003-03-17,1.45,NA,NA,1.45,NA,NA,NA
2003-03-18,1.45,NA,NA,1.45,NA,NA,NA
2003-03-19,1.45,NA,NA,1.45,NA,NA,NA
2003-03-20,1.45,NA,NA,1.45,NA,NA,NA
2003-03-21,1.45,NA,NA,1.45,NA,NA,NA
2003-03-24,1.45,NA,NA,1.45,NA,NA,NA
2003-03-25,1.45,NA,NA,1.45,NA,NA,NA
2003-03-26,1.45,NA,NA,1.45,NA,NA,NA
2003-03-27,1.45,NA,NA,1.45,NA,NA,NA
2003-03-28,1.45,NA,NA,1.45,NA,NA,NA
2003-03-31,1.45,NA,NA,1.45,NA,NA,NA
2003-04-01,1.45,NA,NA,1.45,NA,NA,NA
2003-04-02,1.45,NA,NA,1.45,NA,NA,NA
2003-04-03,1.45,NA,NA,1.45,NA,NA,NA
2003-04-04,1.45,NA,NA,1.45,NA,NA,NA
2003-04-07,1.45,NA,NA,1.45,NA,NA,NA
2003-04-08,1.45,NA,NA,1.45,NA,NA,NA
2003-04-09,1.45,NA,NA,1.45,NA,NA,NA
2003-04-10,1.45,NA,NA,1.45,NA,NA,NA
2003-04-11,1.45,NA,NA,1.45,NA,NA,NA
2003-04-14,1.45,NA,NA,1.45,NA,NA,NA
2003-04-15,1.45,NA,NA,1.45,NA,NA,NA
2003-04-16,1.45,NA,NA,1.45,NA,NA,NA
2003-04-17,1.45,NA,NA,1.45,NA,NA,NA
2003-04-22,1.45,NA,NA,1.45,NA,NA,NA
2003-04-23,1.45,NA,NA,1.45,NA,NA,NA
2003-04-24,1.45,NA,NA,1.45,NA,NA,NA
2003-04-25,1.45,NA,NA,1.45,NA,NA,NA
2003-04-28,1.45,NA,NA,1.45,NA,NA,NA
2003-04-29,1.45,NA,NA,1.45,NA,NA,NA
2003-04-30,1.45,NA,NA,1.45,NA,NA,NA
2003-05-02,1.45,NA,NA,1.45,NA,NA,NA
2003-05-05,1.45,NA,NA,1.45,NA,NA,NA
2003-05-06,1.45,NA,NA,1.45,NA,NA,NA
2003-05-07,1.45,NA,NA,1.45,NA,NA,NA
2003-05-08,1.45,NA,NA,1.45,NA,NA,NA
2003-05-09,1.45,NA,NA,1.45,NA,NA,NA
2003-05-12,1.45,NA,NA,1.45,NA,NA,NA
2003-05-14,1.45,NA,NA,1.45,NA,NA,NA
2003-05-15,1.45,NA,NA,1.45,NA,NA,NA
2003-05-16,1.45,NA,NA,1.45,NA,NA,NA
2003-05-19,1.45,NA,NA,1.45,NA,NA,NA
2003-05-20,1.45,NA,NA,1.45,NA,NA,NA
2003-05-21,1.45,NA,NA,1.45,NA,NA,NA
2003-05-22,1.45,NA,NA,1.45,NA,NA,NA
2003-05-23,1.45,NA,NA,1.45,NA,NA,NA
2003-05-26,1.45,NA,NA,1.45,NA,NA,NA
2003-05-27,1.45,NA,NA,1.45,NA,NA,NA
2003-05-28,1.45,NA,NA,1.45,NA,NA,NA
2003-05-30,1.45,NA,NA,1.45,NA,NA,NA
2003-06-02,1.45,NA,NA,1.45,NA,NA,NA
2003-06-03,1.45,NA,NA,1.45,NA,NA,NA
2003-06-04,1.45,NA,NA,1.45,NA,NA,NA
2003-06-05,1.45,NA,NA,1.45,NA,NA,NA
2003-06-06,1.45,NA,NA,1.45,NA,NA,NA
2003-06-09,1.45,NA,NA,1.45,NA,NA,NA
2003-06-10,1.45,NA,NA,1.45,NA,NA,NA
2003-06-11,1.45,NA,NA,1.45,NA,NA,NA
2003-06-12,1.45,NA,NA,1.45,NA,NA,NA
2003-06-13,1.45,NA,NA,1.45,NA,NA,NA
2003-06-16,1.45,NA,NA,1.45,NA,NA,NA
2003-06-17,1.45,NA,NA,1.45,NA,NA,NA
2003-06-18,1.45,NA,NA,1.45,NA,NA,NA
2003-06-19,1.45,NA,NA,1.45,NA,NA,NA
2003-06-20,1.45,NA,NA,1.45,NA,NA,NA
2003-06-23,1.45,NA,NA,1.45,NA,NA,NA
2003-06-24,1.45,NA,NA,1.45,NA,NA,NA
2003-06-25,1.45,NA,NA,1.45,NA,NA,NA
2003-06-26,1.45,NA,NA,1.45,NA,NA,NA
2003-06-27,1.45,NA,NA,1.45,NA,NA,NA
2003-06-30,1.45,NA,NA,1.45,NA,NA,NA
2003-07-01,1.45,NA,NA,1.45,NA,NA,NA
2003-07-02,1.45,NA,NA,1.45,NA,NA,NA
2003-07-03,1.45,NA,NA,1.45,NA,NA,NA
2003-07-04,1.45,NA,NA,1.45,NA,NA,NA
2003-07-07,1.45,NA,NA,1.45,NA,NA,NA
2003-07-08,1.45,NA,NA,1.45,NA,NA,NA
2003-07-09,1.45,NA,NA,1.45,NA,NA,NA
2003-07-10,1.45,NA,NA,1.45,NA,NA,NA
2003-07-11,1.45,NA,NA,1.45,NA,NA,NA
2003-07-14,1.45,NA,NA,1.45,NA,NA,NA
2003-07-15,1.45,NA,NA,1.45,NA,NA,NA
2003-07-16,1.45,NA,NA,1.45,NA,NA,NA
2003-07-17,1.45,NA,NA,1.45,NA,NA,NA
2003-07-18,1.45,NA,NA,1.45,NA,NA,NA
2003-07-21,1.45,NA,NA,1.45,NA,NA,NA
2003-07-22,1.45,NA,NA,1.45,NA,NA,NA
2003-07-23,1.45,NA,NA,1.45,NA,NA,NA
2003-07-24,1.45,NA,NA,1.45,NA,NA,NA
2003-07-25,1.45,NA,NA,1.45,NA,NA,NA
2003-07-28,1.45,NA,NA,1.45,NA,NA,NA
2003-07-29,1.45,NA,NA,1.45,NA,NA,NA
2003-07-30,1.45,NA,NA,1.45,NA,NA,NA
2003-07-31,1.45,NA,NA,1.45,NA,NA,NA
2003-08-01,1.45,NA,NA,1.45,NA,NA,NA
2003-08-04,1.45,NA,NA,1.45,NA,NA,NA
2003-08-05,1.45,NA,NA,1.45,NA,NA,NA
2003-08-06,1.45,NA,NA,1.45,NA,NA,NA
2003-08-07,1.45,NA,NA,1.45,NA,NA,NA
2003-08-08,1.45,NA,NA,1.45,NA,NA,NA
2003-08-11,1.45,NA,NA,1.45,NA,NA,NA
2003-08-12,1.45,NA,NA,1.45,NA,NA,NA
2003-08-13,1.45,NA,NA,1.45,NA,NA,NA
2003-08-14,1.45,NA,NA,1.45,NA,NA,NA
2003-08-15,1.45,NA,NA,1.45,NA,NA,NA
2003-08-18,1.45,NA,NA,1.45,NA,NA,NA
2003-08-19,1.45,NA,NA,1.45,NA,NA,NA
2003-08-20,1.45,NA,NA,1.45,NA,NA,NA
2003-08-21,1.45,NA,NA,1.45,NA,NA,NA
2003-08-22,1.45,NA,NA,1.45,NA,NA,NA
2003-08-25,1.45,NA,NA,1.45,NA,NA,NA
2003-08-26,1.45,NA,NA,1.45,NA,NA,NA
2003-08-27,1.45,NA,NA,1.45,NA,NA,NA
2003-08-28,1.45,NA,NA,1.45,NA,NA,NA
2003-08-29,1.45,NA,NA,1.45,NA,NA,NA
2003-09-01,1.45,NA,NA,1.45,NA,NA,NA
2003-09-02,1.45,NA,NA,1.45,NA,NA,NA
2003-09-03,1.45,NA,NA,1.45,NA,NA,NA
2003-09-04,1.45,NA,NA,1.45,NA,NA,NA
2003-09-05,1.45,NA,NA,1.45,NA,NA,NA
2003-09-08,1.45,NA,NA,1.45,NA,NA,NA
2003-09-09,1.45,NA,NA,1.45,NA,NA,NA
2003-09-10,1.45,NA,NA,1.45,NA,NA,NA
2003-09-11,1.45,NA,NA,1.45,NA,NA,NA
2003-09-12,1.45,NA,NA,1.45,NA,NA,NA
2003-09-15,1.45,NA,NA,1.45,NA,NA,NA
2003-09-16,1.45,NA,NA,1.45,NA,NA,NA
2003-09-17,1.45,NA,NA,1.45,NA,NA,NA
2003-09-18,1.45,NA,NA,1.45,NA,NA,NA
2003-09-19,1.45,NA,NA,1.45,NA,NA,NA
2003-09-22,1.45,NA,NA,1.45,NA,NA,NA
2003-09-23,1.45,NA,NA,1.45,NA,NA,NA
2003-09-24,1.45,NA,NA,1.45,NA,NA,NA
2003-09-25,1.45,NA,NA,1.45,NA,NA,NA
2003-09-26,1.45,NA,NA,1.45,NA,NA,NA
2003-09-29,1.45,NA,NA,1.45,NA,NA,NA
2003-09-30,1.45,NA,NA,1.45,NA,NA,NA
2003-10-02,1.45,NA,NA,1.45,NA,NA,NA
2003-10-03,1.45,NA,NA,1.45,NA,NA,NA
2003-10-06,1.45,NA,NA,1.45,NA,NA,NA
2003-10-07,1.45,NA,NA,1.45,NA,NA,NA
2003-10-08,1.45,NA,NA,1.45,NA,NA,NA
2003-10-09,1.45,NA,NA,1.45,NA,NA,NA
2003-10-10,1.45,NA,NA,1.45,NA,NA,NA
2003-10-13,1.45,NA,NA,1.45,NA,NA,NA
2003-10-14,1.45,NA,NA,1.45,NA,NA,NA
2003-10-15,1.45,NA,NA,1.45,NA,NA,NA
2003-10-16,1.45,NA,NA,1.45,NA,NA,NA
2003-10-17,1.45,NA,NA,1.45,NA,NA,NA
2003-10-20,1.45,NA,NA,1.45,NA,NA,NA
2003-10-21,1.45,NA,NA,1.45,NA,NA,NA
2003-10-22,1.45,NA,NA,1.45,NA,NA,NA
2003-10-23,1.45,NA,NA,1.45,NA,NA,NA
2003-10-24,1.45,NA,NA,1.45,NA,NA,NA
2003-10-27,1.45,NA,NA,1.45,NA,NA,NA
2003-10-28,1.45,NA,NA,1.45,NA,NA,NA
2003-10-29,1.45,NA,NA,1.45,NA,NA,NA
2003-10-30,1.45,NA,NA,1.45,NA,NA,NA
2003-10-31,1.45,NA,NA,1.45,NA,NA,NA
2003-11-03,1.45,NA,NA,1.45,NA,NA,NA
2003-11-04,1.45,NA,NA,1.45,NA,NA,NA
2003-11-05,1.45,NA,NA,1.45,NA,NA,NA
2003-11-06,1.45,NA,NA,1.45,NA,NA,NA
2003-11-07,1.45,NA,NA,1.45,NA,NA,NA
2003-11-10,1.45,NA,NA,1.45,NA,NA,NA
2003-11-11,1.45,NA,NA,1.45,NA,NA,NA
2003-11-12,1.45,NA,NA,1.45,NA,NA,NA
2003-11-13,1.45,NA,NA,1.45,NA,NA,NA
2003-11-14,1.45,NA,NA,1.45,NA,NA,NA
2003-11-17,1.45,NA,NA,1.45,NA,NA,NA
2003-11-18,1.45,NA,NA,1.45,NA,NA,NA
2003-11-19,1.45,NA,NA,1.45,NA,NA,NA
2003-11-20,1.45,NA,NA,1.45,NA,NA,NA
2003-11-21,1.45,NA,NA,1.45,NA,NA,NA
2003-11-26,1.45,NA,NA,1.45,NA,NA,NA
2003-11-27,1.45,NA,NA,1.45,NA,NA,NA
2003-11-28,1.45,NA,NA,1.45,NA,NA,NA
2003-12-01,1.45,NA,NA,1.45,NA,NA,NA
2003-12-02,1.45,NA,NA,1.45,NA,NA,NA
2003-12-03,1.45,NA,NA,1.45,NA,NA,NA
2003-12-04,1.45,NA,NA,1.45,NA,NA,NA
2003-12-05,1.45,NA,NA,1.45,NA,NA,NA
2003-12-08,1.45,NA,NA,1.45,NA,NA,NA
2003-12-09,1.45,NA,NA,1.45,NA,NA,NA
2003-12-10,1.45,NA,NA,1.45,NA,NA,NA
2003-12-11,1.45,NA,NA,1.45,NA,NA,NA
2003-12-12,1.45,NA,NA,1.45,NA,NA,NA
2003-12-15,1.45,NA,NA,1.45,NA,NA,NA
2003-12-16,1.45,NA,NA,1.45,NA,NA,NA
2003-12-17,1.45,NA,NA,1.45,NA,NA,NA
2003-12-18,1.45,NA,NA,1.45,NA,NA,NA
2003-12-19,1.45,NA,NA,1.45,NA,NA,NA
2003-12-22,1.45,NA,NA,1.45,NA,NA,NA
2003-12-23,1.45,NA,NA,1.45,NA,NA,NA
2003-12-24,1.45,NA,NA,1.45,NA,NA,NA
2003-12-29,1.45,NA,NA,1.45,NA,NA,NA
2003-12-30,1.45,NA,NA,1.45,NA,NA,NA
2003-12-31,1.45,NA,NA,1.45,NA,NA,NA
2004-01-06,1.45,NA,NA,1.45,NA,NA,NA
2004-01-07,1.45,NA,NA,1.45,NA,NA,NA
2004-01-08,1.45,NA,NA,1.45,NA,NA,NA
2004-01-09,1.45,NA,NA,1.45,NA,NA,NA
2004-01-12,1.45,NA,NA,1.45,NA,NA,NA
2004-01-13,1.45,NA,NA,1.45,NA,NA,NA
2004-01-14,1.45,NA,NA,1.45,NA,NA,NA
2004-01-15,1.45,NA,NA,1.45,NA,NA,NA
2004-01-16,1.45,NA,NA,1.45,NA,NA,NA
2004-01-19,1.45,NA,NA,1.45,NA,NA,NA
2004-01-20,1.45,NA,NA,1.45,NA,NA,NA
2004-01-21,1.45,NA,NA,1.45,NA,NA,NA
2004-01-22,1.45,NA,NA,1.45,NA,NA,NA
2004-01-23,1.45,NA,NA,1.45,NA,NA,NA
2004-01-26,1.45,NA,NA,1.45,NA,NA,NA
2004-01-27,1.45,NA,NA,1.45,NA,NA,NA
2004-01-28,1.45,NA,NA,1.45,NA,NA,NA
2004-01-29,1.45,NA,NA,1.45,NA,NA,NA
2004-01-30,1.45,NA,NA,1.45,NA,NA,NA
2004-02-03,1.45,NA,NA,1.45,NA,NA,NA
2004-02-04,1.45,NA,NA,1.45,NA,NA,NA
2004-02-05,1.45,NA,NA,1.45,NA,NA,NA
2004-02-06,1.45,NA,NA,1.45,NA,NA,NA
2004-02-09,1.45,NA,NA,1.45,NA,NA,NA
2004-02-10,1.45,NA,NA,1.45,NA,NA,NA
2004-02-11,1.45,NA,NA,1.45,NA,NA,NA
2004-02-12,1.45,NA,NA,1.45,NA,NA,NA
2004-02-13,1.45,NA,NA,1.45,NA,NA,NA
2004-02-16,1.45,NA,NA,1.45,NA,NA,NA
2004-02-17,1.45,NA,NA,1.45,NA,NA,NA
2004-02-18,1.45,NA,NA,1.45,NA,NA,NA
2004-02-19,1.45,NA,NA,1.45,NA,NA,NA
2004-02-20,1.45,NA,NA,1.45,NA,NA,NA
2004-02-23,1.45,NA,NA,1.45,NA,NA,NA
2004-02-24,1.45,NA,NA,1.45,NA,NA,NA
2004-02-25,1.45,NA,NA,1.45,NA,NA,NA
2004-02-26,1.45,NA,NA,1.45,NA,NA,NA
2004-02-27,1.45,NA,NA,1.45,NA,NA,NA
2004-03-01,1.45,NA,NA,1.45,NA,NA,NA
2004-03-02,1.45,NA,NA,1.45,NA,NA,NA
2004-03-03,1.45,NA,NA,1.45,NA,NA,NA
2004-03-04,1.45,NA,NA,1.45,NA,NA,NA
2004-03-05,1.45,NA,NA,1.45,NA,NA,NA
2004-03-08,1.45,NA,NA,1.45,NA,NA,NA
2004-03-09,1.45,NA,NA,1.45,NA,NA,NA
2004-03-10,1.45,NA,NA,1.45,NA,NA,NA
2004-03-11,1.45,NA,NA,1.45,NA,NA,NA
2004-03-12,1.45,NA,NA,1.45,NA,NA,NA
2004-03-15,1.45,NA,NA,1.45,NA,NA,NA
2004-03-16,1.45,NA,NA,1.45,NA,NA,NA
2004-03-17,1.45,NA,NA,1.45,NA,NA,NA
2004-03-18,1.45,NA,NA,1.45,NA,NA,NA
2004-03-19,1.45,NA,NA,1.45,NA,NA,NA
2004-03-22,1.45,NA,NA,1.45,NA,NA,NA
2004-03-23,1.45,NA,NA,1.45,NA,NA,NA
2004-03-24,1.45,NA,NA,1.45,NA,NA,NA
2004-03-25,1.45,NA,NA,1.45,NA,NA,NA
2004-03-26,1.45,NA,NA,1.45,NA,NA,NA
2004-03-29,1.45,NA,NA,1.45,NA,NA,NA
2004-03-30,1.45,NA,NA,1.45,NA,NA,NA
2004-03-31,1.45,NA,NA,1.45,NA,NA,NA
2004-04-01,1.45,NA,NA,1.45,NA,NA,NA
2004-04-02,1.45,NA,NA,1.45,NA,NA,NA
2004-04-05,1.45,NA,NA,1.45,NA,NA,NA
2004-04-06,1.45,NA,NA,1.45,NA,NA,NA
2004-04-07,1.45,NA,NA,1.45,NA,NA,NA
2004-04-08,1.45,NA,NA,1.45,NA,NA,NA
2004-04-13,1.45,NA,NA,1.45,NA,NA,NA
2004-04-14,1.45,NA,NA,1.45,NA,NA,NA
2004-04-15,1.45,NA,NA,1.45,NA,NA,NA
2004-04-16,1.45,NA,NA,1.45,NA,NA,NA
2004-04-19,1.45,NA,NA,1.45,NA,NA,NA
2004-04-20,1.45,NA,NA,1.45,NA,NA,NA
2004-04-21,1.45,NA,NA,1.45,NA,NA,NA
2004-04-22,1.45,NA,NA,1.45,NA,NA,NA
2004-04-23,1.45,NA,NA,1.45,NA,NA,NA
2004-04-26,1.45,NA,NA,1.45,NA,NA,NA
2004-04-27,1.45,NA,NA,1.45,NA,NA,NA
2004-04-28,1.45,NA,NA,1.45,NA,NA,NA
2004-04-29,1.45,NA,NA,1.45,NA,NA,NA
2004-04-30,1.45,NA,NA,1.45,NA,NA,NA
2004-05-03,1.45,NA,NA,1.45,NA,NA,NA
2004-05-05,1.45,NA,NA,1.45,NA,NA,NA
2004-05-06,1.45,NA,NA,1.45,NA,NA,NA
2004-05-06,1.45,NA,NA,1.45,NA,NA,NA
2004-05-10,1.45,NA,NA,1.45,NA,NA,NA
2004-05-11,1.45,NA,NA,1.45,NA,NA,NA
2004-05-12,1.45,NA,NA,1.45,NA,NA,NA
2004-05-13,1.45,NA,NA,1.45,NA,NA,NA
2004-05-14,1.45,NA,NA,1.45,NA,NA,NA
2004-05-17,1.45,NA,NA,1.45,NA,NA,NA
2004-05-18,1.45,NA,NA,1.45,NA,NA,NA
2004-05-19,1.45,NA,NA,1.45,NA,NA,NA
2004-05-20,1.45,NA,NA,1.45,NA,NA,NA
2004-05-21,1.45,NA,NA,1.45,NA,NA,NA
2004-05-24,1.45,NA,NA,1.45,NA,NA,NA
2004-05-25,1.45,NA,NA,1.45,NA,NA,NA
2004-05-26,1.45,NA,NA,1.45,NA,NA,NA
2004-05-27,1.45,NA,NA,1.45,NA,NA,NA
2004-05-28,1.45,NA,NA,1.45,NA,NA,NA
2004-05-31,1.45,NA,NA,1.45,NA,NA,NA
2004-06-01,1.45,NA,NA,1.45,NA,NA,NA
2004-06-02,1.45,NA,NA,1.45,NA,NA,NA
2004-06-03,1.45,NA,NA,1.45,NA,NA,NA
2004-06-04,1.45,NA,NA,1.45,NA,NA,NA
2004-06-07,1.45,NA,NA,1.45,NA,NA,NA
2004-06-08,1.45,NA,NA,1.45,NA,NA,NA
2004-06-09,1.45,NA,NA,1.45,NA,NA,NA
2004-06-10,1.45,NA,NA,1.45,NA,NA,NA
2004-06-11,1.45,NA,NA,1.45,NA,NA,NA
2004-06-14,1.45,NA,NA,1.45,NA,NA,NA
2004-06-15,1.45,NA,NA,1.45,NA,NA,NA
2004-06-16,1.45,NA,NA,1.45,NA,NA,NA
2004-06-17,1.45,NA,NA,1.45,NA,NA,NA
2004-06-18,1.45,NA,NA,1.45,NA,NA,NA
2004-06-21,1.45,NA,NA,1.45,NA,NA,NA
2004-06-22,1.45,NA,NA,1.45,NA,NA,NA
2004-06-23,1.45,NA,NA,1.45,NA,NA,NA
2004-06-24,1.45,NA,NA,1.45,NA,NA,NA
2004-06-25,1.45,NA,NA,1.45,NA,NA,NA
2004-06-28,1.45,NA,NA,1.45,NA,NA,NA
2004-06-29,1.45,NA,NA,1.45,NA,NA,NA
2004-06-30,1.45,NA,NA,1.45,NA,NA,NA
2004-07-01,1.45,NA,NA,1.45,NA,NA,NA
2004-07-02,1.45,NA,NA,1.45,NA,NA,NA
2004-07-05,1.45,NA,NA,1.45,NA,NA,NA
2004-07-06,1.45,NA,NA,1.45,NA,NA,NA
2004-07-07,1.45,NA,NA,1.45,NA,NA,NA
2004-07-08,1.45,NA,NA,1.45,NA,NA,NA
2004-07-09,1.45,NA,NA,1.45,NA,NA,NA
2004-07-12,1.45,NA,NA,1.45,NA,NA,NA
2004-07-13,1.45,NA,NA,1.45,NA,NA,NA
2004-07-14,1.45,NA,NA,1.45,NA,NA,NA
2004-07-15,1.45,NA,NA,1.45,NA,NA,NA
2004-07-16,1.45,NA,NA,1.45,NA,NA,NA
2004-07-19,1.45,NA,NA,1.45,NA,NA,NA
2004-07-20,1.45,NA,NA,1.45,NA,NA,NA
2004-07-21,1.45,NA,NA,1.45,NA,NA,NA
2004-07-22,1.45,NA,NA,1.45,NA,NA,NA
2004-07-23,1.45,NA,NA,1.45,NA,NA,NA
2004-07-26,1.45,NA,NA,1.45,NA,NA,NA
2004-07-27,1.45,NA,NA,1.45,NA,NA,NA
2004-07-28,1.45,NA,NA,1.45,NA,NA,NA
2004-07-29,1.45,NA,NA,1.45,NA,NA,NA
2004-07-30,1.45,NA,NA,1.45,NA,NA,NA
2004-08-02,1.45,NA,NA,1.45,NA,NA,NA
2004-08-03,1.45,NA,NA,1.45,NA,NA,NA
2004-08-04,1.45,NA,NA,1.45,NA,NA,NA
2004-08-05,1.45,NA,NA,1.45,NA,NA,NA
2004-08-06,1.45,NA,NA,1.45,NA,NA,NA
2004-08-09,1.45,NA,NA,1.45,NA,NA,NA
2004-08-10,1.45,NA,NA,1.45,NA,NA,NA
2004-08-11,1.45,NA,NA,1.45,NA,NA,NA
2004-08-12,1.45,NA,NA,1.45,NA,NA,NA
2004-08-13,1.45,NA,NA,1.45,NA,NA,NA
2004-08-16,1.45,NA,NA,1.45,NA,NA,NA
2004-08-17,1.45,NA,NA,1.45,NA,NA,NA
2004-08-18,1.45,NA,NA,1.45,NA,NA,NA
2004-08-19,1.45,NA,NA,1.45,NA,NA,NA
2004-08-20,1.45,NA,NA,1.45,NA,NA,NA
2004-08-23,1.45,NA,NA,1.45,NA,NA,NA
2004-08-24,1.45,NA,NA,1.45,NA,NA,NA
2004-08-25,1.45,NA,NA,1.45,NA,NA,NA
2004-08-26,1.45,NA,NA,1.45,NA,NA,NA
2004-08-27,1.45,NA,NA,1.45,NA,NA,NA
2004-08-30,1.45,NA,NA,1.45,NA,NA,NA
2004-08-31,1.45,NA,NA,1.45,NA,NA,NA
2004-09-01,1.45,NA,NA,1.45,NA,NA,NA
2004-09-02,1.45,NA,NA,1.45,NA,NA,NA
2004-09-03,1.45,NA,NA,1.45,NA,NA,NA
2004-09-06,1.45,NA,NA,1.45,NA,NA,NA
2004-09-07,1.45,NA,NA,1.45,NA,NA,NA
2004-09-08,1.45,NA,NA,1.45,NA,NA,NA
2004-09-09,1.45,NA,NA,1.45,NA,NA,NA
2004-09-10,1.45,NA,NA,1.45,NA,NA,NA
2004-09-13,1.45,NA,NA,1.45,NA,NA,NA
2004-09-14,1.45,NA,NA,1.45,NA,NA,NA
2004-09-15,1.45,NA,NA,1.45,NA,NA,NA
2004-09-16,1.45,NA,NA,1.45,NA,NA,NA
2004-09-17,1.45,NA,NA,1.45,NA,NA,NA
2004-09-20,1.45,NA,NA,1.45,NA,NA,NA
2004-09-21,1.45,NA,NA,1.45,NA,NA,NA
2004-09-22,1.45,NA,NA,1.45,NA,NA,NA
2004-09-23,1.45,NA,NA,1.45,NA,NA,NA
2004-09-24,1.45,NA,NA,1.45,NA,NA,NA
2004-09-27,1.45,NA,NA,1.45,NA,NA,NA
2004-09-28,1.45,NA,NA,1.45,NA,NA,NA
2004-09-29,1.45,NA,NA,1.45,NA,NA,NA
2004-09-30,1.45,NA,NA,1.45,NA,NA,NA
2004-10-04,1.45,NA,NA,1.45,NA,NA,NA
2004-10-05,1.45,NA,NA,1.45,NA,NA,NA
2004-10-06,1.45,NA,NA,1.45,NA,NA,NA
2004-10-07,1.45,NA,NA,1.45,NA,NA,NA
2004-10-08,1.45,NA,NA,1.45,NA,NA,NA
2004-10-11,1.45,NA,NA,1.45,NA,NA,NA
2004-10-12,1.45,NA,NA,1.45,NA,NA,NA
2004-10-13,1.45,NA,NA,1.45,NA,NA,NA
2004-10-14,1.45,NA,NA,1.45,NA,NA,NA
2004-10-15,1.45,NA,NA,1.45,NA,NA,NA
2004-10-18,1.45,NA,NA,1.45,NA,NA,NA
2004-10-19,1.45,NA,NA,1.45,NA,NA,NA
2004-10-20,1.45,NA,NA,1.45,NA,NA,NA
2004-10-21,1.45,NA,NA,1.45,NA,NA,NA
2004-10-22,1.45,NA,NA,1.45,NA,NA,NA
2004-10-25,1.45,NA,NA,1.45,NA,NA,NA
2004-10-26,1.45,NA,NA,1.45,NA,NA,NA
2004-10-27,1.45,NA,NA,1.45,NA,NA,NA
2004-10-28,1.45,NA,NA,1.45,NA,NA,NA
2004-10-29,1.45,NA,NA,1.45,NA,NA,NA
2004-11-01,1.45,NA,NA,1.45,NA,NA,NA
2004-11-02,1.45,NA,NA,1.45,NA,NA,NA
2004-11-03,1.45,NA,NA,1.45,NA,NA,NA
2004-11-04,1.45,NA,NA,1.45,NA,NA,NA
2004-11-05,1.45,NA,NA,1.45,NA,NA,NA
2004-11-08,1.45,NA,NA,1.45,NA,NA,NA
2004-11-09,1.45,NA,NA,1.45,NA,NA,NA
2004-11-10,1.45,NA,NA,1.45,NA,NA,NA
2004-11-11,1.45,NA,NA,1.45,NA,NA,NA
2004-11-15,1.45,NA,NA,1.45,NA,NA,NA
2004-11-16,1.45,NA,NA,1.45,NA,NA,NA
2004-11-17,1.45,NA,NA,1.45,NA,NA,NA
2004-11-19,1.45,NA,NA,1.45,NA,NA,NA
2004-11-22,1.45,NA,NA,1.45,NA,NA,NA
2004-11-23,1.45,NA,NA,1.45,NA,NA,NA
2004-11-24,1.45,NA,NA,1.45,NA,NA,NA
2004-11-26,1.45,NA,NA,1.45,NA,NA,NA
2004-11-29,1.45,NA,NA,1.45,NA,NA,NA
2004-11-30,1.45,NA,NA,1.45,NA,NA,NA
2004-12-01,1.45,NA,NA,1.45,NA,NA,NA
2004-12-02,1.45,NA,NA,1.45,NA,NA,NA
2004-12-03,1.45,NA,NA,1.45,NA,NA,NA
2004-12-06,1.45,NA,NA,1.45,NA,NA,NA
2004-12-07,1.45,NA,NA,1.45,NA,NA,NA
2004-12-08,1.45,NA,NA,1.45,NA,NA,NA
2004-12-09,1.45,NA,NA,1.45,NA,NA,NA
2004-12-10,1.45,NA,NA,1.45,NA,NA,NA
2004-12-13,1.45,NA,NA,1.45,NA,NA,NA
2004-12-14,1.45,NA,NA,1.45,NA,NA,NA
2004-12-15,1.45,NA,NA,1.45,NA,NA,NA
2004-12-16,1.45,NA,NA,1.45,NA,NA,NA
2004-12-17,1.45,NA,NA,1.45,NA,NA,NA
2004-12-20,1.45,NA,NA,1.45,NA,NA,NA
2004-12-21,1.45,NA,NA,1.45,NA,NA,NA
2004-12-22,1.45,NA,NA,1.45,NA,NA,NA
2004-12-23,1.45,NA,NA,1.45,NA,NA,NA
2004-12-24,1.45,NA,NA,1.45,NA,NA,NA
2004-12-27,1.45,NA,NA,1.45,NA,NA,NA
2004-12-28,1.45,NA,NA,1.45,NA,NA,NA
2004-12-29,1.45,NA,NA,1.45,NA,NA,NA
2004-12-30,1.45,NA,NA,1.45,NA,NA,NA
2004-12-31,1.45,NA,NA,1.45,NA,NA,NA
2005-01-05,1.45,NA,NA,1.45,NA,NA,NA
2005-01-06,1.45,NA,NA,1.45,NA,NA,NA
2005-01-07,1.45,NA,NA,1.45,NA,NA,NA
2005-01-10,1.45,NA,NA,1.45,NA,NA,NA
2005-01-11,1.45,NA,NA,1.45,NA,NA,NA
2005-01-12,1.45,NA,NA,1.45,NA,NA,NA
2005-01-13,1.45,NA,NA,1.45,NA,NA,NA
2005-01-14,1.45,NA,NA,1.45,NA,NA,NA
2005-01-17,1.45,NA,NA,1.45,NA,NA,NA
2005-01-18,1.45,NA,NA,1.45,NA,NA,NA
2005-01-19,1.45,NA,NA,1.45,NA,NA,NA
2005-01-24,1.45,NA,NA,1.45,NA,NA,NA
2005-01-25,1.45,NA,NA,1.45,NA,NA,NA
2005-01-26,1.45,NA,NA,1.45,NA,NA,NA
2005-01-27,1.45,NA,NA,1.45,NA,NA,NA
2005-01-28,1.45,NA,NA,1.45,NA,NA,NA
2005-01-31,1.45,NA,NA,1.45,NA,NA,NA
2005-02-01,1.45,NA,NA,1.45,NA,NA,NA
2005-02-02,1.45,NA,NA,1.45,NA,NA,NA
2005-02-03,1.45,NA,NA,1.45,NA,NA,NA
2005-02-04,1.45,NA,NA,1.45,NA,NA,NA
2005-02-07,1.45,NA,NA,1.45,NA,NA,NA
2005-02-08,1.45,NA,NA,1.45,NA,NA,NA
2005-02-09,1.45,NA,NA,1.45,NA,NA,NA
2005-02-10,1.45,NA,NA,1.45,NA,NA,NA
2005-02-11,1.45,NA,NA,1.45,NA,NA,NA
2005-02-14,1.45,NA,NA,1.45,NA,NA,NA
2005-02-15,1.45,NA,NA,1.45,NA,NA,NA
2005-02-16,1.45,NA,NA,1.45,NA,NA,NA
2005-02-17,1.45,NA,NA,1.45,NA,NA,NA
2005-02-18,1.45,NA,NA,1.45,NA,NA,NA
2005-02-21,1.45,NA,NA,1.45,NA,NA,NA
2005-02-22,1.45,NA,NA,1.45,NA,NA,NA
2005-02-23,1.45,NA,NA,1.45,NA,NA,NA
2005-02-24,1.45,NA,NA,1.45,NA,NA,NA
2005-02-25,1.45,NA,NA,1.45,NA,NA,NA
2005-02-28,1.45,NA,NA,1.45,NA,NA,NA
2005-03-01,1.45,NA,NA,1.45,NA,NA,NA
2005-03-02,1.45,NA,NA,1.45,NA,NA,NA
2005-03-03,1.45,NA,NA,1.45,NA,NA,NA
2005-03-04,1.45,NA,NA,1.45,NA,NA,NA
2005-03-07,1.45,NA,NA,1.45,NA,NA,NA
2005-03-08,1.45,NA,NA,1.45,NA,NA,NA
2005-03-09,1.45,NA,NA,1.45,NA,NA,NA
2005-03-10,1.45,NA,NA,1.45,NA,NA,NA
2005-03-11,1.45,NA,NA,1.45,NA,NA,NA
2005-03-14,1.45,NA,NA,1.45,NA,NA,NA
2005-03-15,1.45,NA,NA,1.45,NA,NA,NA
2005-03-16,1.45,NA,NA,1.45,NA,NA,NA
2005-03-17,1.45,NA,NA,1.45,NA,NA,NA
2005-03-18,1.45,NA,NA,1.45,NA,NA,NA
2005-03-21,1.45,NA,NA,1.45,NA,NA,NA
2005-03-22,1.45,NA,NA,1.45,NA,NA,NA
2005-03-23,1.45,NA,NA,1.45,NA,NA,NA
2005-03-24,1.45,NA,NA,1.45,NA,NA,NA
2005-03-29,1.45,NA,NA,1.45,NA,NA,NA
2005-03-30,1.45,NA,NA,1.45,NA,NA,NA
2005-03-31,1.45,NA,NA,1.45,NA,NA,NA
2005-04-01,1.45,NA,NA,1.45,NA,NA,NA
2005-04-04,1.45,NA,NA,1.45,NA,NA,NA
2005-04-05,1.45,NA,NA,1.45,NA,NA,NA
2005-04-06,1.45,NA,NA,1.45,NA,NA,NA
2005-04-07,1.45,NA,NA,1.45,NA,NA,NA
2005-04-08,1.45,NA,NA,1.45,NA,NA,NA
2005-04-11,1.45,NA,NA,1.45,NA,NA,NA
2005-04-12,1.45,NA,NA,1.45,NA,NA,NA
2005-04-13,1.45,NA,NA,1.45,NA,NA,NA
2005-04-14,1.45,NA,NA,1.45,NA,NA,NA
2005-04-15,1.45,NA,NA,1.45,NA,NA,NA
2005-04-18,1.45,NA,NA,1.45,NA,NA,NA
2005-04-19,1.45,NA,NA,1.45,NA,NA,NA
2005-04-20,1.45,NA,NA,1.45,NA,NA,NA
2005-04-22,1.45,NA,NA,1.45,NA,NA,NA
2005-04-25,1.45,NA,NA,1.45,NA,NA,NA
2005-04-26,1.45,NA,NA,1.45,NA,NA,NA
2005-04-27,1.45,NA,NA,1.45,NA,NA,NA
2005-04-28,1.45,NA,NA,1.45,NA,NA,NA
2005-04-29,1.45,NA,NA,1.45,NA,NA,NA
2005-05-03,1.45,NA,NA,1.45,NA,NA,NA
2005-05-04,1.45,NA,NA,1.45,NA,NA,NA
2005-05-05,1.45,NA,NA,1.45,NA,NA,NA
2005-05-06,1.45,NA,NA,1.45,NA,NA,NA
2005-05-09,1.45,NA,NA,1.45,NA,NA,NA
2005-05-10,1.45,NA,NA,1.45,NA,NA,NA
2005-05-11,1.45,NA,NA,1.45,NA,NA,NA
2005-05-12,1.45,NA,NA,1.45,NA,NA,NA
2005-05-13,1.45,NA,NA,1.45,NA,NA,NA
2005-05-16,1.45,NA,NA,1.45,NA,NA,NA
2005-05-17,1.45,NA,NA,1.45,NA,NA,NA
2005-05-18,1.45,NA,NA,1.45,NA,NA,NA
2005-05-19,1.45,NA,NA,1.45,NA,NA,NA
2005-05-20,1.45,NA,NA,1.45,NA,NA,NA
2005-05-23,1.45,NA,NA,1.45,NA,NA,NA
2005-05-24,1.45,NA,NA,1.45,NA,NA,NA
2005-05-25,1.45,NA,NA,1.45,NA,NA,NA
2005-05-26,1.45,NA,NA,1.45,NA,NA,NA
2005-05-27,1.45,NA,NA,1.45,NA,NA,NA
2005-05-31,1.45,NA,NA,1.45,NA,NA,NA
2005-06-01,1.45,NA,NA,1.45,NA,NA,NA
2005-06-02,1.45,NA,NA,1.45,NA,NA,NA
2005-06-03,1.45,NA,NA,1.45,NA,NA,NA
2005-06-06,1.45,NA,NA,1.45,NA,NA,NA
2005-06-07,1.45,NA,NA,1.45,NA,NA,NA
2005-06-08,1.45,NA,NA,1.45,NA,NA,NA
2005-06-09,1.45,NA,NA,1.45,NA,NA,NA
2005-06-10,1.45,NA,NA,1.45,NA,NA,NA
2005-06-13,1.45,NA,NA,1.45,NA,NA,NA
2005-06-14,1.45,NA,NA,1.45,NA,NA,NA
2005-06-15,1.45,NA,NA,1.45,NA,NA,NA
2005-06-16,1.45,NA,NA,1.45,NA,NA,NA
2005-06-17,1.45,NA,NA,1.45,NA,NA,NA
2005-06-20,1.45,NA,NA,1.45,NA,NA,NA
2005-06-21,1.45,NA,NA,1.45,NA,NA,NA
2005-06-22,1.45,NA,NA,1.45,NA,NA,NA
2005-06-23,1.45,NA,NA,1.45,NA,NA,NA
2005-06-24,1.45,NA,NA,1.45,NA,NA,NA
2005-06-27,1.45,NA,NA,1.45,NA,NA,NA
2005-06-28,1.45,NA,NA,1.45,NA,NA,NA
2005-06-29,1.45,NA,NA,1.45,NA,NA,NA
2005-06-30,1.45,NA,NA,1.45,NA,NA,NA
2005-07-01,1.45,NA,NA,1.45,NA,NA,NA
2005-07-04,1.45,NA,NA,1.45,NA,NA,NA
2005-07-05,1.45,NA,NA,1.45,NA,NA,NA
2005-07-06,1.45,NA,NA,1.45,NA,NA,NA
2005-07-07,1.45,NA,NA,1.45,NA,NA,NA
2005-07-08,1.45,NA,NA,1.45,NA,NA,NA
2005-07-11,1.45,NA,NA,1.45,NA,NA,NA
2005-07-12,1.45,NA,NA,1.45,NA,NA,NA
2005-07-13,1.45,NA,NA,1.45,NA,NA,NA
2005-07-14,1.45,NA,NA,1.45,NA,NA,NA
2005-07-15,1.45,NA,NA,1.45,NA,NA,NA
2005-07-18,1.45,NA,NA,1.45,NA,NA,NA
2005-07-19,1.45,NA,NA,1.45,NA,NA,NA
2005-07-20,1.45,NA,NA,1.45,NA,NA,NA
2005-07-21,1.45,NA,NA,1.45,NA,NA,NA
2005-07-22,1.45,NA,NA,1.45,NA,NA,NA
2005-07-25,1.45,NA,NA,1.45,NA,NA,NA
2005-07-26,1.45,NA,NA,1.45,NA,NA,NA
2005-07-27,1.45,NA,NA,1.45,NA,NA,NA
2005-07-28,1.45,NA,NA,1.45,NA,NA,NA
2005-07-29,1.45,NA,NA,1.45,NA,NA,NA
2005-08-01,1.45,NA,NA,1.45,NA,NA,NA
2005-08-02,1.45,NA,NA,1.45,NA,NA,NA
2005-08-03,1.45,NA,NA,1.45,NA,NA,NA
2005-08-04,1.45,NA,NA,1.45,NA,NA,NA
2005-08-05,1.45,NA,NA,1.45,NA,NA,NA
2005-08-08,1.45,NA,NA,1.45,NA,NA,NA
2005-08-09,1.45,NA,NA,1.45,NA,NA,NA
2005-08-10,1.45,NA,NA,1.45,NA,NA,NA
2005-08-11,1.45,NA,NA,1.45,NA,NA,NA
2005-08-12,1.45,NA,NA,1.45,NA,NA,NA
2005-08-15,1.45,NA,NA,1.45,NA,NA,NA
2005-08-16,1.45,NA,NA,1.45,NA,NA,NA
2005-08-17,1.45,NA,NA,1.45,NA,NA,NA
2005-08-18,1.45,NA,NA,1.45,NA,NA,NA
2005-08-19,1.45,NA,NA,1.45,NA,NA,NA
2005-08-22,1.45,NA,NA,1.45,NA,NA,NA
2005-08-23,1.45,NA,NA,1.45,NA,NA,NA
2005-08-24,1.45,NA,NA,1.45,NA,NA,NA
2005-08-25,1.45,NA,NA,1.45,NA,NA,NA
2005-08-26,1.45,NA,NA,1.45,NA,NA,NA
2005-08-29,1.45,NA,NA,1.45,NA,NA,NA
2005-08-30,1.45,NA,NA,1.45,NA,NA,NA
2005-08-31,1.45,NA,NA,1.45,NA,NA,NA
2005-09-01,1.45,NA,NA,1.45,NA,NA,NA
2005-09-02,1.45,NA,NA,1.45,NA,NA,NA
2005-09-05,1.45,NA,NA,1.45,NA,NA,NA
2005-09-06,1.45,NA,NA,1.45,NA,NA,NA
2005-09-07,1.45,NA,NA,1.45,NA,NA,NA
2005-09-08,1.45,NA,NA,1.45,NA,NA,NA
2005-09-09,1.45,NA,NA,1.45,NA,NA,NA
2005-09-12,1.45,NA,NA,1.45,NA,NA,NA
2005-09-13,1.45,NA,NA,1.45,NA,NA,NA
2005-09-14,1.45,NA,NA,1.45,NA,NA,NA
2005-09-15,1.45,NA,NA,1.45,NA,NA,NA
2005-09-16,1.45,NA,NA,1.45,NA,NA,NA
2005-09-19,1.45,NA,NA,1.45,NA,NA,NA
2005-09-20,1.45,NA,NA,1.45,NA,NA,NA
2005-09-21,1.45,NA,NA,1.45,NA,NA,NA
2005-09-22,1.45,NA,NA,1.45,NA,NA,NA
2005-09-23,1.45,NA,NA,1.45,NA,NA,NA
2005-09-26,1.45,NA,NA,1.45,NA,NA,NA
2005-09-27,1.45,NA,NA,1.45,NA,NA,NA
2005-09-28,1.45,NA,NA,1.45,NA,NA,NA
2005-09-29,1.45,NA,NA,1.45,NA,NA,NA
2005-09-30,1.45,NA,NA,1.45,NA,NA,NA
2005-10-04,1.45,NA,NA,1.45,NA,NA,NA
2005-10-05,1.45,NA,NA,1.45,NA,NA,NA
2005-10-06,1.45,NA,NA,1.45,NA,NA,NA
2005-10-07,1.45,NA,NA,1.45,NA,NA,NA
2005-10-10,1.45,NA,NA,1.45,NA,NA,NA
2005-10-11,1.45,NA,NA,1.45,NA,NA,NA
2005-10-12,1.45,NA,NA,1.45,NA,NA,NA
2005-10-13,1.45,NA,NA,1.45,NA,NA,NA
2005-10-14,1.45,NA,NA,1.45,NA,NA,NA
2005-10-17,1.45,NA,NA,1.45,NA,NA,NA
2005-10-18,1.45,NA,NA,1.45,NA,NA,NA
2005-10-19,1.45,NA,NA,1.45,NA,NA,NA
2005-10-20,1.45,NA,NA,1.45,NA,NA,NA
2005-10-21,1.45,NA,NA,1.45,NA,NA,NA
2005-10-24,1.45,NA,NA,1.45,NA,NA,NA
2005-10-25,1.45,NA,NA,1.45,NA,NA,NA
2005-10-26,1.45,NA,NA,1.45,NA,NA,NA
2005-10-27,1.45,NA,NA,1.45,NA,NA,NA
2005-10-28,1.45,NA,NA,1.45,NA,NA,NA
2005-10-31,1.45,NA,NA,1.45,NA,NA,NA
2005-11-01,1.45,NA,NA,1.45,NA,NA,NA
2005-11-04,1.45,NA,NA,1.45,NA,NA,NA
2005-11-07,1.45,NA,NA,1.45,NA,NA,NA
2005-11-08,1.45,NA,NA,1.45,NA,NA,NA
2005-11-09,1.45,NA,NA,1.45,NA,NA,NA
2005-11-10,1.45,NA,NA,1.45,NA,NA,NA
2005-11-11,1.45,NA,NA,1.45,NA,NA,NA
2005-11-14,1.45,NA,NA,1.45,NA,NA,NA
2005-11-15,1.45,NA,NA,1.45,NA,NA,NA
2005-11-16,1.45,NA,NA,1.45,NA,NA,NA
2005-11-17,1.45,NA,NA,1.45,NA,NA,NA
2005-11-18,1.45,NA,NA,1.45,NA,NA,NA
2005-11-21,1.45,NA,NA,1.45,NA,NA,NA
2005-11-22,1.45,NA,NA,1.45,NA,NA,NA
2005-11-23,1.45,NA,NA,1.45,NA,NA,NA
2005-11-24,1.45,NA,NA,1.45,NA,NA,NA
2005-11-25,1.45,NA,NA,1.45,NA,NA,NA
2005-11-28,1.45,NA,NA,1.45,NA,NA,NA
2005-11-29,1.45,NA,NA,1.45,NA,NA,NA
2005-11-30,1.45,NA,NA,1.45,NA,NA,NA
2005-12-01,1.45,NA,NA,1.45,NA,NA,NA
2005-12-02,1.45,NA,NA,1.45,NA,NA,NA
2005-12-05,1.45,NA,NA,1.45,NA,NA,NA
2005-12-06,1.45,NA,NA,1.45,NA,NA,NA
2005-12-07,1.45,NA,NA,1.45,NA,NA,NA
2005-12-08,1.45,NA,NA,1.45,NA,NA,NA
2005-12-09,1.45,NA,NA,1.45,NA,NA,NA
2005-12-12,1.45,NA,NA,1.45,NA,NA,NA
2005-12-13,1.45,NA,NA,1.45,NA,NA,NA
2005-12-14,1.45,NA,NA,1.45,NA,NA,NA
2005-12-15,1.45,NA,NA,1.45,NA,NA,NA
2005-12-16,1.45,NA,NA,1.45,NA,NA,NA
2005-12-19,1.45,NA,NA,1.45,NA,NA,NA
2005-12-20,1.45,NA,NA,1.45,NA,NA,NA
2005-12-21,1.45,NA,NA,1.45,NA,NA,NA
2005-12-22,1.45,NA,NA,1.45,NA,NA,NA
2005-12-23,1.45,NA,NA,1.45,NA,NA,NA
2005-12-28,1.45,NA,NA,1.45,NA,NA,NA
2005-12-29,1.45,NA,NA,1.45,NA,NA,NA
2005-12-30,1.45,NA,NA,1.45,NA,NA,NA
2007-05-30,1.52,1.52,1.45,1.45,720.00,2.00,1069.20
2007-06-06,1.52,1.52,1.52,1.52,2314262.00,2.00,3517678.25
2007-06-07,1.52,1.52,1.52,1.52,560.00,1.00,851.20
2007-06-08,1.52,1.52,1.52,1.52,1000.00,1.00,1520.00
2007-06-22,1.52,1.52,1.52,1.52,20.00,1.00,30.40
2007-06-26,1.52,1.52,1.52,1.52,60.00,1.00,91.20
2007-07-24,1.59,1.59,1.59,1.59,500000.00,3.00,795000.00
2007-07-30,1.66,1.66,1.66,1.66,3160.00,2.00,5245.60
2007-08-01,1.66,1.66,1.66,1.66,3840.00,1.00,6374.40
2007-09-04,1.66,1.66,1.66,1.66,1000.00,1.00,1660.00
2008-01-29,1.66,1.66,1.66,1.66,200.00,1.00,332.00
2008-03-11,1.66,1.66,1.66,1.66,12000.00,2.00,19920.00
2008-04-03,1.66,1.66,1.66,1.66,1000.00,1.00,1660.00
2008-04-09,1.66,1.66,1.66,1.66,1000.00,1.00,1660.00
2008-05-21,1.66,1.66,1.66,1.66,1000.00,1.00,1660.00
2008-06-26,1.51,1.51,1.51,1.58,2300.00,2.00,3473.00
2008-07-15,1.51,1.51,1.51,1.58,840.00,1.00,1268.40
2008-07-23,1.51,1.51,1.51,1.58,1000.00,1.00,1510.00
2008-07-25,1.51,1.51,1.51,1.58,200.00,1.00,302.00
2008-07-29,1.51,1.51,1.51,1.58,1000.00,1.00,1510.00
2008-09-05,1.57,1.57,1.57,1.58,300.00,1.00,471.00
2008-09-22,1.57,1.57,1.57,1.58,700.00,1.00,1099.00
2009-07-28,1.45,1.45,1.45,1.52,1560.00,1.00,2262.00
2009-09-23,1.52,1.52,1.52,1.52,600.00,1.00,870.00
2010-03-15,1.52,1.52,1.52,1.52,120.00,1.00,174.00
2010-08-13,1.43,1.43,1.43,1.43,6000.00,1.00,8700.00
2010-10-27,1.43,1.43,1.43,1.43,500.00,1.00,680.00
2010-11-09,1.43,1.43,1.43,1.43,1000.00,1.00,1360.00
2010-11-25,1.43,1.43,1.43,1.43,30.00,1.00,40.80
2011-01-05,1.43,1.43,1.43,1.43,240.00,1.00,328.80
2011-05-26,1.43,1.43,1.43,1.43,600.00,1.00,900.00
2011-06-02,1.43,1.43,1.43,1.43,21500.00,1.00,32250.00
2011-07-01,1.04,1.04,1.04,1.04,11900.00,2.00,11781.00
2011-07-04,1.04,1.04,1.04,1.04,3000.00,2.00,3000.00
2011-07-05,1.04,1.04,1.04,1.04,7200.00,1.00,7128.00
2011-07-15,1.04,1.04,1.04,1.04,2500.00,2.00,2725.00
2011-07-18,1.04,1.04,1.04,1.04,500.00,1.00,545.00
2011-08-01,1.04,1.04,1.04,1.04,500.00,1.00,545.00
2011-08-08,1.04,1.04,1.04,1.04,100.00,1.00,109.00
2011-08-17,1.04,1.04,1.04,1.04,1120.00,2.00,1220.80
2011-12-01,1.04,1.04,1.04,1.04,1000.00,1.00,1000.00
2012-01-20,1.09,1.09,1.09,1.09,50000.00,1.00,54500.00
2012-01-27,1.09,1.09,1.09,1.09,1200.00,2.00,1368.00
2012-02-07,1.09,1.09,1.09,1.09,500.00,1.00,570.00
2012-03-29,1.09,1.09,1.09,1.09,2900.00,3.00,3090.00
2012-03-30,1.09,1.09,1.09,1.09,2600.00,1.00,2964.00
2012-04-12,1.09,1.09,1.09,1.09,5000.00,1.00,5700.00
2012-04-17,1.09,1.09,1.09,1.09,4000.00,1.00,4560.00
2012-04-18,1.14,1.14,1.14,1.14,100000.00,3.00,114000.00
2012-04-18,1.14,1.14,1.14,1.14,100000.00,3.00,114000.00
2012-04-18,1.14,1.14,1.14,1.14,100000.00,3.00,114000.00
2012-04-18,1.14,1.14,1.14,1.14,100000.00,3.00,114000.00
2012-04-23,1.14,1.14,1.14,1.14,100.00,1.00,119.00
2012-05-02,1.14,1.14,1.14,1.14,300.00,2.00,330.00
2012-05-11,1.14,1.14,1.14,1.14,1200.00,2.00,1322.00
2012-05-15,1.14,1.14,1.14,1.14,12240.00,2.00,13464.00
2012-05-31,0.99,0.99,0.99,0.99,49600.00,1.00,49104.00
2012-06-08,0.99,0.99,0.99,0.99,1120.00,3.00,1153.60
2012-07-12,0.84,0.84,0.84,0.84,200.00,1.00,176.00
2012-07-12,0.84,0.84,0.84,0.84,200.00,1.00,176.00
2012-07-12,0.84,0.84,0.84,0.84,200.00,1.00,176.00
2012-07-19,0.99,0.99,0.99,0.99,600.00,2.00,606.00
2012-07-31,0.99,0.99,0.99,0.99,500.00,1.00,515.00
2012-08-01,1.03,1.03,1.03,1.03,109000.00,2.00,112270.00
2012-08-02,1.08,1.08,1.08,1.08,50000.00,1.00,54000.00
2012-08-03,1.08,1.08,1.08,1.08,600.00,2.00,678.00
2012-08-06,1.13,1.13,1.13,1.13,50000.00,1.00,56500.00
2012-08-07,1.18,1.18,1.18,1.18,50000.00,1.00,59000.00
2012-08-08,1.23,1.23,1.23,1.23,50000.00,1.00,61500.00
2012-08-09,1.29,1.29,1.29,1.29,50000.00,1.00,64500.00
2012-08-28,1.35,1.35,1.35,1.35,242400.00,3.00,327240.00
2012-08-28,1.35,1.35,1.35,1.35,242400.00,3.00,327240.00
2012-08-29,1.41,1.41,1.41,1.41,300000.00,1.00,423000.00
2012-08-30,1.48,1.48,1.48,1.48,300000.00,1.00,444000.00
2012-08-30,1.48,1.48,1.48,1.48,300000.00,1.00,444000.00
2012-09-20,1.48,1.48,1.48,1.48,2500.00,1.00,3875.00
2012-09-27,1.48,1.48,1.48,1.48,2000.00,1.00,3100.00
2012-10-15,1.48,1.48,1.48,1.48,2400.00,4.00,3720.00
2012-12-04,1.48,1.48,1.48,1.48,300.00,1.00,465.00
2013-01-28,1.48,1.48,1.48,1.48,1200.00,1.00,1776.00
